"COLLPER","SELUNIT_ID","PSUIX","SEGID","LINEID","DSCOPSTT","INITSTAT","TENURE","COUNTY","STATE","CPMOVIN","LGHOCC","RNTC","RSPCODC","t_prcuse6","NOBED","NOHBH","NOFULBH","TYSTRC","tystrc_desc","ECRNTCL","PURNTCL","Collected_Or_Imputed","LATITUDE","LONGITUDE","UTAPT","UTCITY","UTSENA","UTSENO","UTSTATE","UTZIP","Clust"
"202601",182218,"S11A","B0011",2036,"I","S","R","009","MA","202210",34,2400,"01","Y","1","0","1","11","Multi, 20-49 units",2309.26432671627,2309.234266498,"Collected",42.554132,-70.974487,"","PEABODY","CRANE BROOK WAY","6113","MA","01960",1
"202601",182219,"S11A","B0011",2145,"I","S","R","009","MA","202311",0,300,"01","Y","1","0","1","12","Multi, 50 units",2723.17233182876,2720.87818085501,"Collected",42.554169,-70.975416,"","PEABODY","CRANE BROOK WAY","1317","MA","01960",1
"202601",182296,"S11A","B0015",46,"I","S","R","009","MA","201607",109,1700,"01","Y","2","0","1","7","Multi, 2 units",1684.4993991267,1376.45289117623,"Collected",42.541864,-70.88139,"","BEVERLY","COTTAGE LN","14","MA","01915",1
"202601",182308,"S11A","B0015",367,"I","S","R","009","MA","202505",3,1700,"01","Y","1","0","1","8","Multi, 3-4 units",1694.81686950236,1420.51077532664,"Collected",42.542837,-70.880835,"1","BEVERLY","BARTLETT ST","28R","MA","01915",1
"202601",182316,"S11A","B0015",521,"I","S","R","009","MA","202212",32,1800,"01","Y","2","0","1","9","Multi, 5-9 units",2585.99217544647,2538.68712759459,"Collected",42.544849,-70.880757,"3","BEVERLY","CABOT ST","87","MA","01915",1
"202601",182317,"S11A","B0015",542,"I","S","R","009","MA","202102",54,1800,"01","Y","2","0","1","9","Multi, 5-9 units",1788.64487800257,1740.62837690939,"Collected",42.543944,-70.879423,"9","BEVERLY","LOVETT ST","15","MA","01915",1
"202601",182320,"S11A","B0015",598,"I","S","R","009","MA","",0,0,"01","Y","3","0","1","8","Multi, 3-4 units",3243.92049002643,3196.20584158698,"Collected",42.544219,-70.87886,"1","BEVERLY","LOVETT ST","18","MA","01915",1
"202601",182333,"S11A","B0016",311,"I","S","R","009","MA","",0,1390,"01","Y","1","0","1","12","Multi, 50 units",1939.28356750387,1892.37585915315,"Collected",42.571402,-70.857357,"108","BEVERLY","ESSEX ST","393","MA","01915",1
"202601",182334,"S11A","B0016",342,"I","S","R","009","MA","201810",82,2250,"01","Y","1","0","1","12","Multi, 50 units",1937.19835587193,1757.15244375148,"Collected",42.571402,-70.857357,"308","BEVERLY","ESSEX ST","393","MA","01915",1
"202601",182335,"S11A","B0016",374,"I","S","R","009","MA","",0,2200,"01","Y","2","0","2","12","Multi, 50 units",2233.56373594892,2186.57084342105,"Collected",42.571405,-70.857354,"308","BEVERLY","ESSEX ST","395","MA","01915",1
"202601",182584,"S11A","B0030",69,"I","S","R","017","MA","201707",97,2699,"01","Y","2","0","2","12","Multi, 50 units",2676.90943828386,2629.49083867554,"Collected",42.640794,-71.353809,"209","LOWELL","PAWTUCKET BLVD","527","MA","01854",2
"202601",182586,"S11A","B0030",200,"I","S","R","017","MA","202105",51,1950,"01","Y","3","1","1","7","Multi, 2 units",1937.58314806648,1890.09629919256,"Collected",42.646377,-71.3409,"","LOWELL","VARNUM AVE","288","MA","01854",2
"202601",182588,"S11A","B0030",314,"I","S","R","017","MA","202409",11,1750,"01","Y","2","0","1","11","Multi, 20-49 units",1787.15230503168,1739.63567167519,"Collected",42.6468,-71.339238,"7","LOWELL","VARNUM AVE","240","MA","01854",2
"202601",182589,"S11A","B0030",348,"I","S","R","017","MA","202203",41,1250,"01","Y","0","0","1","11","Multi, 20-49 units",1389.0290275911,1193.80390522746,"Collected",42.641768,-71.345345,"6","LOWELL","PAWTUCKET BLVD","295","MA","01854",2
"202601",182591,"S11A","B0030",430,"I","S","R","017","MA","202203",41,1605,"02","J","2","0","1","11","Multi, 20-49 units",1633.57045101179,1658.51818171336,"Imputed",42.641683,-71.345873,"10","LOWELL","PAWTUCKET BLVD","309","MA","01854",2
"202601",182593,"S11A","B0030",494,"I","S","R","017","MA","201808",84,1300,"02","J","2","0","1","12","Multi, 50 units",1455.50195314339,1298.09557315655,"Imputed",42.641511,-71.346929,"10","LOWELL","PAWTUCKET BLVD","353","MA","01854",2
"202601",182595,"S11A","B0030",562,"I","S","R","017","MA","202408",12,2855,"01","Y","2","0","2","12","Multi, 50 units",2833.22191157253,2785.8033119642,"Collected",42.640801,-71.353657,"304","LOWELL","PAWTUCKET BLVD","525","MA","01854",2
"202601",182598,"S11A","B0030",689,"I","S","R","017","MA","202505",3,3005,"01","Y","2","0","2","12","Multi, 50 units",3131.73101750218,3084.31241789385,"Collected",42.640801,-71.353657,"503","LOWELL","PAWTUCKET BLVD","525","MA","01854",2
"202601",182599,"S11A","B0030",714,"I","S","R","017","MA","202106",50,3121,"01","Y","2","0","2","12","Multi, 50 units",3096.58808736567,3049.16948775735,"Collected",42.640801,-71.353657,"707","LOWELL","PAWTUCKET BLVD","525","MA","01854",2
"202601",183231,"S11A","B0066",111,"I","S","R","017","MA","202112",44,2800,"02","J","3","0","1","9","Multi, 5-9 units",3018.0825584112,2844.43789462269,"Imputed",42.368534,-71.098027,"2","CAMBRIDGE","ELM ST","67","MA","02139",3
"202601",183232,"S11A","B0066",171,"I","S","R","017","MA","202309",23,6500,"02","J","2","0","1","9","Multi, 5-9 units",6565.93152121139,6381.75190078111,"Imputed",42.369881,-71.098248,"5","CAMBRIDGE","NORFOLK ST","231","MA","02139",3
"202601",183235,"S11A","B0066",343,"I","S","R","017","MA","202406",14,2900,"01","Y","2","0","1","9","Multi, 5-9 units",2875.98885096869,2790.470821618,"Collected",42.369005,-71.096761,"3","CAMBRIDGE","COLUMBIA ST","239","MA","02139",3
"202601",183236,"S11A","B0066",401,"I","S","R","017","MA","202112",44,180,"02","J","2","0","1","9","Multi, 5-9 units",1451.53979242217,1403.74289762207,"Imputed",42.368224,-71.097113,"2","CAMBRIDGE","COLUMBIA ST","200","MA","02139",3
"202601",183240,"S11A","B0066",574,"I","S","R","017","MA","200505",243,3000,"03","J","2","0","1","10","Multi,10-19 units",3000.93371426598,2892.11546967849,"Imputed",42.367962,-71.097332,"101","CAMBRIDGE","COLUMBIA ST","183","MA","02139",3
"202601",183599,"S11A","B0084",356,"I","S","R","017","MA","201709",95,2600,"02","J","3","0","1","8","Multi, 3-4 units",3056.49826854893,3074.22607815272,"Imputed",42.358234,-71.187365,"3","NEWTON CORNER","PEARL ST","49","MA","02458",3
"202601",184213,"S11A","B0117",593,"I","S","R","021","MA","202101",55,1975,"01","Y","1","0","1","2","Single Attached",1972.91940422025,1690.38247167735,"Collected",42.238614,-71.029875,"","QUINCY","FURNACE BROOK PKWY","1455","MA","02169",5
"202601",184415,"S11A","B0127",1221,"I","S","R","023","MA","202312",20,1230,"01","Y","1","0","1","7","Multi, 2 units",1293.59518409034,990.72243375985,"Collected",42.283763,-70.872994,"","HULL","KENBERMA ST","134A","MA","02045",5
"202601",184418,"S11A","B0127",1313,"I","S","R","023","MA","201910",70,1500,"99","J","0","0","1","10","Multi,10-19 units",2025.79699936016,1834.65837884855,"Imputed",42.283476,-70.872284,"4A","HULL","SAMOSET AVE","90","MA","02045",5
"202601",184560,"S11A","B0133",1302,"I","S","R","023","MA","202308",24,3600,"01","Y","3","1","2","2","Single Attached",3487.3054015864,3439.65975502725,"Collected",42.073383,-70.800431,"","PEMBROKE","HIGH ST","27","MA","02359",5
"202601",184695,"S11A","B0140",745,"I","S","R","023","MA","202503",5,2350,"01","Y","1","0","1","12","Multi, 50 units",2324.7962642572,2324.80355031482,"Collected",41.878093,-70.601153,"212","PLYMOUTH","PINEHILLS DR","50","MA","02360",6
"202601",184696,"S11A","B0140",773,"I","S","R","023","MA","202503",5,2489,"01","Y","1","0","1","12","Multi, 50 units",2466.65482737802,2466.73529089711,"Collected",41.878093,-70.601153,"407","PLYMOUTH","PINEHILLS DR","50","MA","02360",6
"202601",184704,"S11A","B0140",1555,"I","S","R","023","MA","202502",6,3350,"01","Y","2","1","2","12","Multi, 50 units",3327.09268600783,3327.09268600783,"Collected",41.880849,-70.603309,"","PLYMOUTH","AVALON WAY","1711","MA","02360",6
"202601",184705,"S11A","B0140",1588,"I","S","R","023","MA","202408",12,3777,"01","Y","2","1","2","12","Multi, 50 units",3446.26340170326,3446.26340170326,"Collected",41.880482,-70.6037,"","PLYMOUTH","AVALON WAY","1021","MA","02360",6
"202601",184706,"S11A","B0140",1623,"I","S","R","023","MA","202305",27,3501,"01","Y","2","0","2","8","Multi, 3-4 units",3463.66914873686,3463.66914873686,"Collected",41.879561,-70.603181,"","PLYMOUTH","AVALON WAY","221","MA","02360",6
"202601",184708,"S11A","B0140",1683,"I","S","R","023","MA","202302",30,2799,"50","V","2","0","2","12","Multi, 50 units",3011.84510803188,2757.09302318976,"Imputed",41.87765,-70.60052,"1129","PLYMOUTH","PINEHILLS DR","40","MA","02360",6
"202601",184709,"S11A","B0140",1714,"I","S","R","023","MA","202012",56,3200,"01","Y","2","0","2","12","Multi, 50 units",2737.54238773717,2737.54238773717,"Collected",41.87765,-70.60052,"1211","PLYMOUTH","PINEHILLS DR","40","MA","02360",6
"202601",184710,"S11A","B0140",1750,"I","S","R","023","MA","202007",61,2825,"01","Y","2","0","2","12","Multi, 50 units",2932.97193711892,2932.97193711892,"Collected",41.87765,-70.60052,"1302","PLYMOUTH","PINEHILLS DR","40","MA","02360",6
"202601",184711,"S11A","B0140",1776,"I","S","R","023","MA","",0,2398,"99","J","2","0","2","12","Multi, 50 units",2748.48253876395,2664.80426985896,"Imputed",41.87765,-70.60052,"1336","PLYMOUTH","PINEHILLS DR","40","MA","02360",6
"202601",184712,"S11A","B0140",1814,"I","S","R","023","MA","202210",34,2542,"99","J","1","0","1","12","Multi, 50 units",2633.19576517514,2696.735506748,"Imputed",41.87765,-70.60052,"1428","PLYMOUTH","PINEHILLS DR","40","MA","02360",6
"202601",184984,"S11A","B0160",131,"I","S","R","025","MA","202209",0,3200,"01","Y","3","0","1","8","Multi, 3-4 units",3578.8203166369,3531.15351889064,"Collected",42.335379,-71.053482,"2","SOUTH BOSTON","BAXTER ST","76","MA","02127",3
"202601",184992,"S11A","B0160",723,"I","S","R","025","MA","202409",11,2800,"02","J","2","0","1","9","Multi, 5-9 units",2816.74898629872,2711.66767143878,"Imputed",42.332765,-71.051948,"1R","SOUTH BOSTON","W 9TH ST","228","MA","02127",3
"202601",184995,"S11A","B0160",926,"I","S","R","025","MA","202205",0,2600,"01","Y","1","0","1","8","Multi, 3-4 units",2679.55054968588,2632.2174401662,"Collected",42.332888,-71.052207,"1","SOUTH BOSTON","W 9TH ST","217","MA","02127",3
"202601",185027,"S11A","B0163",1489,"I","S","R","025","MA","202307",0,4400,"02","J","1","0","1","9","Multi, 5-9 units",4061.63520568797,3798.87300135556,"Imputed",42.343134,-71.071496,"3","BOSTON","UNION PARK","35","MA","02118",3
"202601",185028,"S11A","B0163",1574,"I","S","R","025","MA","202209",35,2100,"02","J","1","0","1","9","Multi, 5-9 units",2395.19246081405,2318.28123872817,"Imputed",42.34216,-71.07054,"5","BOSTON","UNION PARK","1","MA","02118",3
"202601",185050,"S11A","B0166",12,"I","S","R","025","MA","202103",53,120,"01","Y","2","0","1","8","Multi, 3-4 units",2894.94602565412,2847.23137721466,"Collected",42.3098,-71.064227,"2","DORCHESTER","DOWNER CT","5","MA","02122",3
"202601",185058,"S11A","B0166",355,"I","S","R","025","MA","201806",86,2300,"02","J","3","0","1","7","Multi, 2 units",2324.84527962922,1968.6372138769,"Imputed",42.310332,-71.066451,"2","DORCHESTER","FERNALD TER","15","MA","02125",3
"202601",185062,"S11A","B0166",498,"I","S","R","025","MA","202111",45,2500,"01","Y","3","0","1","8","Multi, 3-4 units",2783.55822588116,2736.03846769192,"Collected",42.311375,-71.06287,"1","DORCHESTER","HANCOCK ST","137","MA","02125",3
"202601",185271,"S11A","B0179",65,"I","S","R","015","NH","201310",142,2000,"01","Y","2","0","1","1","Single Detached",2060.75167078216,2013.33852118672,"Collected",43.010589,-71.379284,"","AUBURN","MANCHESTER RD","415","NH","03032",7
"202601",185278,"S11A","B0179",203,"I","S","R","015","NH","201501",127,1200,"01","Y","2","0","1","9","Multi, 5-9 units",1185.19338941461,1196.01898463182,"Collected",43.008255,-71.387819,"2","AUBURN","MANCHESTER RD","518","NH","03032",7
"202601",185279,"S11A","B0179",207,"I","S","R","015","NH","201901",79,1000,"01","Y","2","0","1","9","Multi, 5-9 units",1590.00525093518,1542.54744017944,"Collected",43.008255,-71.387819,"6","AUBURN","MANCHESTER RD","518","NH","03032",7
"202601",185280,"S11A","B0179",218,"I","S","R","015","NH","201906",74,950,"01","Y","2","0","1","8","Multi, 3-4 units",989.994619293824,942.830392489185,"Collected",43.007102,-71.389116,"C","AUBURN","MANCHESTER RD","542","NH","03032",7
"202601",185300,"S11A","B0179",677,"I","S","R","015","NH","200710",214,229,"02","J","3","0","1","8","Multi, 3-4 units",2038.38196947291,1923.558006672,"Imputed",43.009115,-71.391713,"1","AUBURN","ROCKINGHAM RD","328","NH","",7
"202601",185489,"S11A","B0187",132,"I","S","R","015","NH","202212",32,2100,"01","Y","1","0","1","7","Multi, 2 units",2077.82282964273,2030.73083508283,"Collected",42.759658,-71.25548,"","SALEM","BRADY AVE","115B","NH","03079",2
"202601",185502,"S11A","B0187",566,"I","S","R","015","NH","201907",73,1050,"02","J","1","0","1","9","Multi, 5-9 units",1074.55847880069,1064.50705509541,"Imputed",42.754666,-71.226648,"6","SALEM","CROSS ST","28","NH","03079",2
"202601",185596,"S11A","C0001",278,"I","S","R","009","MA","202503",11,500,"01","Z","4","0","2","7","Multi, 2 units",3200,3152.19,"",42.478153,-70.926097,"APT 2","SWAMPSCOTT","CRESCENT ST","52","MA","01907",1
"202601",185601,"S11A","C0001",465,"I","S","R","009","MA","202206",38,2800,"02","J","3","0","1","7","Multi, 2 units",2898.49470845989,2770.85118224639,"Imputed",42.475627,-70.922809,"APT 1","SWAMPSCOTT","ESSEX ST","82","MA","01907",1
"202601",186177,"S11A","C0039",26,"I","S","R","017","MA","202312",20,990,"01","Y","3","0","2","8","Multi, 3-4 units",3290.18776158625,3242.6802267296,"Collected",42.22826,-71.52268,"APT 4","HOPKINTON","MAIN ST","65","MA","01748",8
"202601",186186,"S11A","C0039",254,"I","S","R","017","MA","202208",36,1300,"02","J","1","0","1","7","Multi, 2 units",1431.95812391274,1439.54688758327,"Imputed",42.227035,-71.521508,"APT 2","HOPKINTON","GROVE ST","22","MA","01748",8
"202601",186191,"S11A","C0039",461,"I","S","R","017","MA","201110",166,1000,"01","Y","1","0","1","9","Multi, 5-9 units",995.082034283335,947.502444099138,"Collected",42.227959,-71.521742,"APT A","HOPKINTON","GROVE ST","5","MA","01748",8
"202601",186192,"S11A","C0039",472,"I","S","R","017","MA","200801",211,1100,"02","J","1","0","1","8","Multi, 3-4 units",1170.34822545189,1195.16691343857,"Imputed",42.224726,-71.518285,"APT 3","HOPKINTON","MAPLE ST","5","MA","01748",8
"202601",186193,"S11A","C0039",481,"I","S","R","017","MA","202007",61,1350,"02","J","1","0","1","8","Multi, 3-4 units",1407.03232363209,1423.30377417162,"Imputed",42.229083,-71.518855,"APT 1","HOPKINTON","HAYDEN ROWE ST","2","MA","01748",8
"202601",186195,"S11A","C0039",499,"I","S","R","017","MA","",0,1350,"02","J","1","0","1","8","Multi, 3-4 units",1450.58573231262,1447.56273839313,"Imputed",42.225114,-71.51713,"APT C","HOPKINTON","MAPLE ST","1","MA","01748",8
"202601",186364,"S11A","C0053",24,"I","S","R","017","MA","201310",142,2000,"02","J","3","0","1","7","Multi, 2 units",2147.80038844607,2043.33288357063,"Imputed",42.421392,-71.139308,"APT 2","MEDFORD","PITCHER AVE","14","MA","02155",3
"202601",186365,"S11A","C0053",26,"I","S","R","017","MA","202309",23,2835,"01","Y","3","0","1","7","Multi, 2 units",2860.55456768245,2812.97497749825,"Collected",42.421485,-71.139413,"APT 2","MEDFORD","PITCHER AVE","18","MA","02155",3
"202601",186366,"S11A","C0053",31,"I","S","R","017","MA","201606",0,1400,"50","V","2","0","1","7","Multi, 2 units",1492.12895395299,1455.31198079469,"Imputed",42.421672,-71.139624,"","MEDFORD","PITCHER AVE","26","MA","02155",3
"202601",186367,"S11A","C0053",35,"I","S","R","017","MA","202112",44,3500,"02","J","3","1","2","7","Multi, 2 units",3608.16410662737,3460.66616319091,"Imputed",42.421859,-71.139835,"#1","MEDFORD","PITCHER AVE","34","MA","02155",3
"202601",186372,"S11A","C0053",63,"I","S","R","017","MA","201311",141,2000,"03","J","2","1","1","7","Multi, 2 units",2225.55173039614,2198.02367071281,"Imputed",42.421232,-71.139037,"","MEDFORD","PITCHER AVE","5","MA","02155",3
"202601",186382,"S11A","C0053",204,"I","S","R","017","MA","202307",25,2000,"02","J","2","0","1","7","Multi, 2 units",2225.55173039614,2198.02367071281,"Imputed",42.421699,-71.141084,"APT 2","MEDFORD","KILGORE AVE","28","MA","02155",3
"202601",186387,"S11A","C0053",272,"I","S","R","017","MA","202212",32,2400,"01","Y","2","0","1","7","Multi, 2 units",2787.67144272159,2740.07516960197,"Collected",42.420643,-71.141467,"APT 1","MEDFORD","HIGH ST","633","MA","02155",3
"202601",186390,"S11A","C0053",284,"I","S","R","017","MA","201809",83,1800,"02","J","2","0","1","7","Multi, 2 units",1909.14999030548,1982.17976463181,"Imputed",42.421097,-71.138718,"APT 1","MEDFORD","HIGH ST","585","MA","02155",3
"202601",186393,"S11A","C0053",300,"I","S","R","017","MA","200301",0,1900,"02","J","2","0","1","7","Multi, 2 units",2114.27414387635,2085.67956458951,"Imputed",42.422139,-71.141825,"","MEDFORD","MYSTIC VALLEY PKWY","1516","MA","02155",3
"202601",186604,"S11A","C0075",3,"I","S","R","017","MA","202201",43,2250,"02","J","2","1","1","11","Multi, 20-49 units",2362.99041050521,2316.36886533273,"Imputed",42.466579,-71.242302,"APT 103","LEXINGTON","BEDFORD ST","314","MA","02420",4
"202601",186842,"S11A","C0091",19,"I","S","R","017","MA","202105",51,3000,"50","W","3","0","2","1","Single Detached",3347.90119327565,3123.28311607135,"Imputed",42.359343,-71.23687,"","WEST NEWTON","ADAMS AVE","57","MA","02465",4
"202601",186845,"S11A","C0091",80,"I","S","R","017","MA","202307",25,3105,"01","Y","4","0","1","7","Multi, 2 units",3094.11891564549,3008.63727826937,"Collected",42.360141,-71.236737,"","WEST NEWTON","UNDERWOOD AVE","37","MA","02465",4
"202601",186849,"S11A","C0091",175,"I","S","R","017","MA","201503",125,3800,"01","Y","3","0","2","1","Single Detached",3787.43425753019,3739.78861097104,"Collected",42.356704,-71.236418,"","WEST NEWTON","WILLIAM ST","21","MA","02465",4
"202601",186853,"S11A","C0091",300,"I","S","R","017","MA","202208",36,4500,"01","Y","3","1","2","1","Single Detached",4553.61607401345,4553.63646987959,"Collected",42.357971,-71.232451,"","WEST NEWTON","ADAMS AVE","164","MA","02465",4
"202601",187163,"S11A","C0110",252,"I","S","R","021","MA","202501",7,610,"02","J","3","1","2","12","Multi, 50 units",3249.82436861101,3181.1393375502,"Imputed",42.173696,-71.21893,"","NORWOOD","VILLAGE RD E","301","MA","02062",4
"202601",187168,"S11A","C0110",488,"I","S","R","021","MA","202402",18,2176,"02","J","1","0","1","12","Multi, 50 units",2154.13823064517,2090.10229208392,"Imputed",42.172321,-71.220617,"APT 203","NORWOOD","ENGAMORE LN","301","MA","02062",4
"202601",187171,"S11A","C0110",620,"I","S","R","021","MA","",0,2150,"02","J","1","0","1","12","Multi, 50 units",2254.09221233486,2270.45516841998,"Imputed",42.172686,-71.221366,"APT 105","NORWOOD","BUCKMINSTER DR","150","MA","02062",4
"202601",187172,"S11A","C0110",664,"I","S","R","021","MA","202310",22,2122,"02","J","1","0","1","12","Multi, 50 units",2130.00720982012,2066.68861267411,"Imputed",42.171787,-71.221155,"APT 203","NORWOOD","BUCKMINSTER DR","250","MA","02062",4
"202601",187176,"S11A","C0110",839,"I","S","R","021","MA","202203",41,2379,"02","J","1","0","1","12","Multi, 50 units",2339.51763390941,2269.97093289613,"Imputed",42.174035,-71.223151,"APT 204","NORWOOD","LANSDOWNE WAY","600","MA","02062",4
"202601",187235,"S11A","C0117",109,"I","S","R","021","MA","202405",15,1895,"02","J","2","0","2","8","Multi, 3-4 units",2018.22029133885,1921.2440835024,"Imputed",42.243384,-71.015163,"","QUINCY","GARFIELD ST","91A","MA","02169",5
"202601",187330,"S11A","C0124",174,"I","S","R","021","MA","202204",40,2200,"01","Y","3","1","1","1","Single Detached",2197.68237432129,2197.68237432129,"Collected",42.101618,-71.389915,"","FRANKLIN","PINE RIDGE DR","92","MA","02038",9
"202601",187356,"S11A","C0124",500,"I","S","R","021","MA","201909",71,2200,"02","J","2","0","1","7","Multi, 2 units",2229.84788601193,2070.05128563799,"Imputed",42.089382,-71.395273,"2","FRANKLIN","FALES ST","21","MA","02038",9
"202601",187361,"S11A","C0124",536,"I","S","R","021","MA","201605",111,1650,"01","Y","2","0","1","7","Multi, 2 units",1750,1702.19,"Collected",42.089372,-71.396084,"","FRANKLIN","HILLSIDE RD","129","MA","02038",9
"202601",187367,"S11A","C0124",563,"I","S","R","021","MA","201808",84,1050,"01","Y","1","0","1","10","Multi,10-19 units",1048.92019712697,1001.1578138,"Collected",42.088161,-71.392439,"APT 1","FRANKLIN","DEAN AVE","130","MA","02038",9
"202601",187368,"S11A","C0124",565,"I","S","R","021","MA","202307",31,1400,"01","Z","1","0","1","10","Multi,10-19 units",1400,1352.19,"",42.088161,-71.392439,"APT 2","FRANKLIN","DEAN AVE","130","MA","02038",9
"202601",187369,"S11A","C0124",567,"I","S","R","021","MA","202112",44,1350,"01","Y","1","0","1","10","Multi,10-19 units",1350,1302.19,"Collected",42.088161,-71.392439,"APT 4","FRANKLIN","DEAN AVE","130","MA","02038",9
"202601",187378,"S11A","C0124",673,"I","S","R","021","MA","201708",96,1450,"01","Y","1","0","1","2","Single Attached",1748.47247398449,1700.71009065752,"Collected",42.091413,-71.396678,"","FRANKLIN","MOORE AVE","35","MA","02038",9
"202601",187379,"S11A","C0124",675,"I","S","R","021","MA","202012",56,1600,"02","J","2","0","1","7","Multi, 2 units",1704.03824070827,1763.47354647954,"Imputed",42.091643,-71.396748,"APT 1","FRANKLIN","MOORE AVE","43","MA","02038",9
"202601",187498,"S11A","C0134",202,"I","S","R","023","MA","202501",7,2200,"01","Y","2","0","1","7","Multi, 2 units",2200,2200,"Collected",42.100697,-71.022407,"APT 1","BROCKTON","CLEVELAND AVE","14","MA","02301",5
"202601",187503,"S11A","C0134",397,"I","S","R","023","MA","202307",0,2500,"02","J","3","0","1","7","Multi, 2 units",2625.54490056134,2579.0386056682,"Imputed",42.102011,-71.022219,"APT 2","BROCKTON","N MAIN ST","716","MA","02301",5
"202601",187504,"S11A","C0134",429,"I","S","R","023","MA","200407",253,600,"02","K","1","0","1","8","Multi, 3-4 units",638.341160245572,441.132677802533,"Imputed",42.104302,-71.02325,"APT 3","BROCKTON","LIVINGSTON RD","24","MA","02301",5
"202601",187506,"S11A","C0134",506,"I","S","R","023","MA","202410",10,2000,"01","Y","3","0","1","8","Multi, 3-4 units",1995.68311906911,1995.68311906911,"Collected",42.102694,-71.021102,"APT 3","BROCKTON","ENTERPRISE ST","17","MA","02301",5
"202601",187673,"S11A","C0153",37,"I","S","R","025","MA","202206",0,2100,"01","Y","1","0","1","7","Multi, 2 units",2692.41953427778,2644.71911892128,"Collected",42.379531,-71.062902,"1","CHARLESTOWN","MYSTIC ST","18","MA","02129",3
"202601",187687,"S11A","C0153",303,"I","S","R","025","MA","202207",37,3100,"02","J","2","0","2","8","Multi, 3-4 units",3337.73646902444,3113.27273013351,"Imputed",42.377366,-71.064025,"1","CHARLESTOWN","SUMMER ST","12","MA","02129",3
"202601",187827,"S11A","C0175",2,"I","S","R","025","MA","202112",44,1800,"99","J","1","0","1","7","Multi, 2 units",1915.13567740672,1987.85443542677,"Imputed",42.421187,-71.027155,"APT 2","REVERE","SARGENT ST","57","MA","02151",3
"202601",187855,"S11A","C0175",350,"I","S","R","025","MA","202112",44,3500,"01","Y","4","1","2","7","Multi, 2 units",3492.62962074559,3492.62962074559,"Collected",42.417803,-71.022209,"UNIT 2","REVERE","TEDFORD AVE","69","MA","02151",3
"202601",187865,"S11A","C0175",494,"I","S","R","025","MA","201201",163,1900,"01","Y","1","0","1","7","Multi, 2 units",2195.73584786955,2148.02119943009,"Collected",42.417148,-71.021758,"APT 2","REVERE","OAKWOOD AVE","246","MA","02151",3
