"Address","Date","Rent","Aprt_Type","Building_Type"
"1985-1988 NW Savier St, Portland, OR 97209","2026/06/02",1504,"Studio","Apartment"
"1985-1988 NW Savier St, Portland, OR 97209","2026/06/02",1785,"1 Bed","Apartment"
"1985-1988 NW Savier St, Portland, OR 97209","2026/06/02",2915,"2 Beds","Apartment"
"110 N Tomahawk Island Dr, Portland, OR 97217","2026/06/02",1396,"1 Bed","Apartment"
"110 N Tomahawk Island Dr, Portland, OR 97217","2026/06/02",1675,"2 Beds","Apartment"
"2050 Northeast Pacific Street, Portland, OR 97232","2026/06/02",1625,"Studio","Apartment"
"2050 Northeast Pacific Street, Portland, OR 97232","2026/06/02",1499,"1 Bed","Apartment"
"2050 Northeast Pacific Street, Portland, OR 97232","2026/06/02",2795,"2 Beds","Apartment"
"22 NE 2nd Ave, Portland, OR 97232","2026/06/02",1277,"Studio","Apartment"
"22 NE 2nd Ave, Portland, OR 97232","2026/06/02",1546,"1 Bed","Apartment"
"22 NE 2nd Ave, Portland, OR 97232","2026/06/02",2350,"2 Beds","Apartment"
"6015 N Interstate Ave, Portland, OR 97217","2026/06/02",1285,"Studio","Apartment"
"6015 N Interstate Ave, Portland, OR 97217","2026/06/02",1683,"1 Bed","Apartment"
"6015 N Interstate Ave, Portland, OR 97217","2026/06/02",2773,"2 Beds","Apartment"
"2070 NW Quimby St, Portland, OR 97209","2026/06/02",1290,"Studio","Apartment"
"2070 NW Quimby St, Portland, OR 97209","2026/06/02",1816,"1 Bed","Apartment"
"2070 NW Quimby St, Portland, OR 97209","2026/06/02",2174,"2 Beds","Apartment"
"1630 SE Rural St, Portland, OR 97202","2026/06/02",1347,"Studio","Apartment"
"1630 SE Rural St, Portland, OR 97202","2026/06/02",1698,"1 Bed","Apartment"
"3650 SE 29th Ave, Portland, OR 97202","2026/06/02",1485,"1 Bed",NA
"5620 N Interstate Ave, Portland, OR 97217","2026/06/02",1049,"Studio","Apartment"
"5620 N Interstate Ave, Portland, OR 97217","2026/06/02",1675,"2 Beds","Apartment"
"1784 NW Northrup St, Portland, OR 97209","2026/06/02",1449,"Studio","Apartment"
"1784 NW Northrup St, Portland, OR 97209","2026/06/02",2025,"1 Bed","Apartment"
"1784 NW Northrup St, Portland, OR 97209","2026/06/02",2649,"2 Beds","Apartment"
"1640 SW Yamhill St, Portland, OR 97205","2026/06/02",1530,"Studio","Apartment"
"1640 SW Yamhill St, Portland, OR 97205","2026/06/02",1935,"1 Bed","Apartment"
"1640 SW Yamhill St, Portland, OR 97205","2026/06/02",3405,"2 Beds","Apartment"
"900 NW Lovejoy St, Portland, OR 97209","2026/06/02",1740,"1 Bed","Apartment"
"900 NW Lovejoy St, Portland, OR 97209","2026/06/02",2600,"2 Beds","Apartment"
"3202 SE 92nd Ave, Portland, OR 97266","2026/06/02",1395,"2 Beds",NA
"12345 SE Fuller Rd, Portland, OR 97222","2026/06/02",1395,"2 Beds",NA
"750 SW 9th Ave, Portland, OR 97205","2026/06/02",1466,"Studio","Apartment"
"750 SW 9th Ave, Portland, OR 97205","2026/06/02",1713,"1 Bed","Apartment"
"750 SW 9th Ave, Portland, OR 97205","2026/06/02",2743,"2 Beds","Apartment"
"10999 SE 37th Ave, Milwaukie, OR 97222","2026/06/02",1460,"Studio","Apartment"
"10999 SE 37th Ave, Milwaukie, OR 97222","2026/06/02",1649,"1 Bed","Apartment"
"10999 SE 37th Ave, Milwaukie, OR 97222","2026/06/02",2139,"2 Beds+","Apartment"
"7007 SW Hampton St, Tigard, OR 97223","2026/06/02",2199,"1 Bed","Apartment"
"7007 SW Hampton St, Tigard, OR 97223","2026/06/02",2599,"2 Beds","Apartment"
"2059 SW Park Ave, Portland, OR 97201","2026/06/02",999,"2 Beds",NA
"1818 SW 4th Ave, Portland, OR 97201","2026/06/02",1214,"Studio","Apartment"
"1818 SW 4th Ave, Portland, OR 97201","2026/06/02",1605,"1 Bed","Apartment"
"1818 SW 4th Ave, Portland, OR 97201","2026/06/02",1999,"2 Beds+","Apartment"
"514 SE Belmont St, Portland, OR 97214","2026/06/02",1330,"Studio","Apartment"
"514 SE Belmont St, Portland, OR 97214","2026/06/02",1509,"1 Bed","Apartment"
"514 SE Belmont St, Portland, OR 97214","2026/06/02",2334,"2 Beds","Apartment"
"1055 N Anchor Way, Portland, OR 97217","2026/06/02",1375,"1 Bed","Apartment"
"1055 N Anchor Way, Portland, OR 97217","2026/06/02",1900,"2 Beds","Apartment"
"1430 NW Hoyt St, Portland, OR 97209","2026/06/02",1381,"Studio","Apartment"
"1430 NW Hoyt St, Portland, OR 97209","2026/06/02",1718,"1 Bed","Apartment"
"1430 NW Hoyt St, Portland, OR 97209","2026/06/02",3143,"2 Beds","Apartment"
"140 SW Columbia St, Portland, OR 97201","2026/06/02",1411,"Studio","Apartment"
"140 SW Columbia St, Portland, OR 97201","2026/06/02",1724,"1 Bed","Apartment"
"140 SW Columbia St, Portland, OR 97201","2026/06/02",2611,"2 Beds","Apartment"
"3956 N Vancouver Ave, Portland, OR 97227","2026/06/02",1365,"Studio","Apartment"
"3956 N Vancouver Ave, Portland, OR 97227","2026/06/02",1504,"1 Bed","Apartment"
"3956 N Vancouver Ave, Portland, OR 97227","2026/06/02",2349,"2 Beds","Apartment"
"1510 SW Alder St, Portland, OR 97205","2026/06/02",1449,"1 Bed","Apartment"
"1510 SW Alder St, Portland, OR 97205","2026/06/02",2699,"2 Beds","Apartment"
"1725 SW Salmon St, Portland, OR 97205","2026/06/02",1406,"Studio","Apartment"
"1725 SW Salmon St, Portland, OR 97205","2026/06/02",1552,"1 Bed","Apartment"
"7128 NW 159th Ave, Portland, OR 97229","2026/06/02",1675,"1 Bed","Apartment"
"7128 NW 159th Ave, Portland, OR 97229","2026/06/02",1999,"2 Beds","Apartment"
"7128 NW 159th Ave, Portland, OR 97229","2026/06/02",2600,"3 Beds","Apartment"
"3883 S Moody Ave, Portland, OR 97239","2026/06/02",1295,"Studio","Apartment"
"3883 S Moody Ave, Portland, OR 97239","2026/06/02",1526,"1 Bed","Apartment"
"3883 S Moody Ave, Portland, OR 97239","2026/06/02",2394,"2 Beds","Apartment"
"1871 N Flint Ave, Portland, OR 97227","2026/06/02",1140,"Studio","Apartment"
"1871 N Flint Ave, Portland, OR 97227","2026/06/02",2395,"1 Bed","Apartment"
"1871 N Flint Ave, Portland, OR 97227","2026/06/02",2300,"2 Beds","Apartment"
"3720 SW Bond Ave, Portland, OR 97239","2026/06/02",1681,"Studio","Apartment"
"3720 SW Bond Ave, Portland, OR 97239","2026/06/02",1852,"1 Bed","Apartment"
"3720 SW Bond Ave, Portland, OR 97239","2026/06/02",3362,"2 Beds","Apartment"
"1155 NW Everett St, Portland, OR 97209","2026/06/02",1400,"Studio","Apartment"
"1155 NW Everett St, Portland, OR 97209","2026/06/02",1580,"1 Bed","Apartment"
"650 S Gaines St, Portland, OR 97239","2026/06/02",1589,"Studio","Apartment"
"650 S Gaines St, Portland, OR 97239","2026/06/02",1688,"1 Bed","Apartment"
"650 S Gaines St, Portland, OR 97239","2026/06/02",2709,"2 Beds","Apartment"
"1261 NW Overton St, Portland, OR 97209","2026/06/02",1589,"1 Bed","Apartment"
"1261 NW Overton St, Portland, OR 97209","2026/06/02",2297,"2 Beds","Apartment"
"1450 N Prescott St, Portland, OR 97217","2026/06/02",1379,"Studio","Apartment"
"1450 N Prescott St, Portland, OR 97217","2026/06/02",1485,"1 Bed","Apartment"
"1450 N Prescott St, Portland, OR 97217","2026/06/02",2430,"2 Beds","Apartment"
NA,NA,NA,NA,NA
"1811 SW River Dr, Portland, OR 97201","2026/06/02",1275,"Studio","Apartment"
"1811 SW River Dr, Portland, OR 97201","2026/06/02",1699,"1 Bed","Apartment"
"1811 SW River Dr, Portland, OR 97201","2026/06/02",2299,"2 Beds+","Apartment"
"4940 S Landing Dr, Portland, OR 97239","2026/06/02",1345,"Studio","Apartment"
"4940 S Landing Dr, Portland, OR 97239","2026/06/02",1521,"1 Bed","Apartment"
"4940 S Landing Dr, Portland, OR 97239","2026/06/02",2075,"2 Beds","Apartment"
"434 SW College St, Portland, OR 97201","2026/06/02",1799,"1 Bed","Apartment"
"434 SW College St, Portland, OR 97201","2026/06/02",1099,"2 Beds","Apartment"
"434 SW College St, Portland, OR 97201","2026/06/02",899,"3 Beds+","Apartment"
"1061 NE 9th Ave, Portland, OR 97232","2026/06/02",1322,"Studio","Apartment"
"1061 NE 9th Ave, Portland, OR 97232","2026/06/02",1413,"1 Bed","Apartment"
"1061 NE 9th Ave, Portland, OR 97232","2026/06/02",2160,"2 Beds","Apartment"
"77 NE Grand Ave, Portland, OR 97232","2026/06/02",1254,"Studio","Apartment"
"77 NE Grand Ave, Portland, OR 97232","2026/06/02",1486,"1 Bed","Apartment"
"77 NE Grand Ave, Portland, OR 97232","2026/06/02",2290,"2 Beds","Apartment"
"878 N Fremont St, Portland, OR 97227","2026/06/02",1299,"Studio","Apartment"
"878 N Fremont St, Portland, OR 97227","2026/06/02",1699,"1 Bed","Apartment"
"878 N Fremont St, Portland, OR 97227","2026/06/02",2439,"2 Beds","Apartment"
"2621 NE 7th Ave, Portland, OR 97212","2026/06/02",1324,"Studio","Apartment"
"2621 NE 7th Ave, Portland, OR 97212","2026/06/02",1958,"2 Beds","Apartment"
"7428 N Charleston Ave, Portland, OR 97203","2026/06/02",1230,"2 Beds",NA
"2390 SE Hawthorne Blvd, Portland, OR 97214","2026/06/02",1399,"Studio","Apartment"
"2390 SE Hawthorne Blvd, Portland, OR 97214","2026/06/02",1375,"1 Bed","Apartment"
"310 SE 12th Ave, Portland, OR 97214","2026/06/02",1499,"1 Bed",NA
"8220 SE 6th Ave, Portland, OR 97202","2026/06/02",1550,"Studio","Apartment"
"8220 SE 6th Ave, Portland, OR 97202","2026/06/02",1775,"1 Bed","Apartment"
"2865 NE Sandy Blvd, Portland, OR 97232","2026/06/02",1302,"Studio","Apartment"
"2865 NE Sandy Blvd, Portland, OR 97232","2026/06/02",1901,"1 Bed","Apartment"
"1075 NW 16th St, Portland, OR 97209","2026/06/02",999,"Studio","Apartment"
"1075 NW 16th St, Portland, OR 97209","2026/06/02",1350,"1 Bed","Apartment"
"255 NW 10th Ave, Portland, OR 97209","2026/06/02",1553,"Studio","Apartment"
"255 NW 10th Ave, Portland, OR 97209","2026/06/02",1628,"1 Bed","Apartment"
"255 NW 10th Ave, Portland, OR 97209","2026/06/02",2359,"2 Beds","Apartment"
"4111 NE M L King Blvd, Portland, OR 97211","2026/06/02",1499,"1 Bed","Apartment"
"4111 NE M L King Blvd, Portland, OR 97211","2026/06/02",2106,"2 Beds","Apartment"
"465 NE Davis St, Portland, OR 97232","2026/06/02",1300,"Studio","Apartment"
"465 NE Davis St, Portland, OR 97232","2026/06/02",1570,"1 Bed","Apartment"
"465 NE Davis St, Portland, OR 97232","2026/06/02",2105,"2 Beds","Apartment"
"7373 N Philadelphia Ave, Portland, OR 97203","2026/06/02",1400,"Studio","Apartment"
"7373 N Philadelphia Ave, Portland, OR 97203","2026/06/02",1500,"1 Bed","Apartment"
"2065 S River Pky, Portland, OR 97201","2026/06/02",549,"Studio","Apartment"
"2065 S River Pky, Portland, OR 97201","2026/06/02",1260,"1 Bed","Apartment"
"2065 S River Pky, Portland, OR 97201","2026/06/02",1505,"2 Beds+","Apartment"
"10451 E Burnside St, Portland, OR 97216","2026/06/02",1222,"Studio","Apartment"
"10451 E Burnside St, Portland, OR 97216","2026/06/02",1289,"1 Bed","Apartment"
"10451 E Burnside St, Portland, OR 97216","2026/06/02",1543,"2 Beds","Apartment"
"875 NE 27th Ave, Portland, OR 97232","2026/06/02",1520,"Studio","Apartment"
"875 NE 27th Ave, Portland, OR 97232","2026/06/02",1605,"1 Bed","Apartment"
"1311 SW Gibbs St, Portland, OR 97239","2026/06/02",1300,"Studio","Apartment"
"1311 SW Gibbs St, Portland, OR 97239","2026/06/02",1425,"1 Bed","Apartment"
"1311 SW Gibbs St, Portland, OR 97239","2026/06/02",1995,"2 Beds","Apartment"
"1666 SE Lambert St, Portland, OR 97202","2026/06/02",2895,"2 Beds",NA
"1375 N Killingsworth St, Portland, OR 97217","2026/06/02",1099,"2 Beds",NA
"9224 SE Ramona St, Portland, OR 97266","2026/06/02",1375,"Studio","Apartment"
"9224 SE Ramona St, Portland, OR 97266","2026/06/02",1500,"1 Bed","Apartment"
"2510 NE Sandy Blvd, Portland, OR 97232","2026/06/02",1899,"1 Bed",NA
"5560 NE 42nd Ave, Portland, OR 97218","2026/06/02",1505,"1 Bed",NA
"7315-7325 SE Mitchell Ct, Portland, OR 97206","2026/06/02",1595,"1 Bed",NA
"4300 NW Chanticleer Dr, Portland, OR 97229","2026/06/02",1746,"1 Bed","Apartment"
"4300 NW Chanticleer Dr, Portland, OR 97229","2026/06/02",2142,"2 Beds","Apartment"
"4300 NW Chanticleer Dr, Portland, OR 97229","2026/06/02",2426,"3 Beds","Apartment"
"1912 NE Schuyler St, Portland, OR 97212","2026/06/02",1675,"3 Beds",NA
"1447 NW 12th Ave, Portland, OR 97209","2026/06/02",1599,"1 Bed","Apartment"
"1447 NW 12th Ave, Portland, OR 97209","2026/06/02",2519,"2 Beds","Apartment"
"1717 SW Park Ave, Portland, OR 97201","2026/06/02",1095,"Studio","Apartment"
"1717 SW Park Ave, Portland, OR 97201","2026/06/02",1176,"1 Bed","Apartment"
"1717 SW Park Ave, Portland, OR 97201","2026/06/02",1503,"2 Beds","Apartment"
"2625 E Burnside St, Portland, OR 97214","2026/06/02",1390,"Studio","Apartment"
"2625 E Burnside St, Portland, OR 97214","2026/06/02",1853,"1 Bed","Apartment"
"3124-3234 SE 136th Ave, Portland, OR 97236","2026/06/02",1297,"2 Beds","Apartment"
"3124-3234 SE 136th Ave, Portland, OR 97236","2026/06/02",1597,"3 Beds","Apartment"
"931 NW 11th Ave, Portland, OR 97209","2026/06/02",1442,"Studio","Apartment"
"931 NW 11th Ave, Portland, OR 97209","2026/06/02",1791,"1 Bed","Apartment"
"931 NW 11th Ave, Portland, OR 97209","2026/06/02",2680,"2 Beds","Apartment"
"1410 SW Broadway, Portland, OR 97201","2026/06/02",980,"2 Beds",NA
"1417 SW 10th Ave, Portland, OR 97201","2026/06/02",1050,"2 Beds",NA
"6971 NE 27th Ave, Portland, OR 97211","2026/06/02",941,"1 Bed","Apartment"
"6971 NE 27th Ave, Portland, OR 97211","2026/06/02",1428,"2 Beds","Apartment"
"1976 NW Pettygrove St, Portland, OR 97209","2026/06/02",1315,"Studio","Apartment"
"1976 NW Pettygrove St, Portland, OR 97209","2026/06/02",1400,"1 Bed","Apartment"
"5132 SW Slavin Rd, Portland, OR 97239","2026/06/02",1315,"1 Bed","Apartment"
"5132 SW Slavin Rd, Portland, OR 97239","2026/06/02",1585,"2 Beds","Apartment"
"5132 SW Slavin Rd, Portland, OR 97239","2026/06/02",2490,"3 Beds","Apartment"
"123 NW 12th Ave, Portland, OR 97209","2026/06/02",1799,"1 Bed","Apartment"
"123 NW 12th Ave, Portland, OR 97209","2026/06/02",2185,"2 Beds","Apartment"
"3750 S River Pky, Portland, OR 97239","2026/06/02",1601,"1 Bed","Apartment"
"3750 S River Pky, Portland, OR 97239","2026/06/02",2238,"2 Beds","Apartment"
"1200 NW Marshall St, Portland, OR 97209","2026/06/02",1424,"Studio","Apartment"
"1200 NW Marshall St, Portland, OR 97209","2026/06/02",1761,"1 Bed","Apartment"
"1200 NW Marshall St, Portland, OR 97209","2026/06/02",2879,"2 Beds","Apartment"
"910 N Harbour Dr, Portland, OR 97217","2026/06/02",1450,"1 Bed","Apartment"
"910 N Harbour Dr, Portland, OR 97217","2026/06/02",1749,"2 Beds","Apartment"
"5745 SW Oleson Rd, Portland, OR 97225","2026/06/02",1599,"1 Bed","Apartment"
"5745 SW Oleson Rd, Portland, OR 97225","2026/06/02",1699,"2 Beds","Apartment"
"2220 NW Front Ave, Portland, OR 97209","2026/06/02",1388,"Studio","Apartment"
"2220 NW Front Ave, Portland, OR 97209","2026/06/02",1468,"1 Bed","Apartment"
"2220 NW Front Ave, Portland, OR 97209","2026/06/02",2576,"2 Beds","Apartment"
"11974 SW 72nd Ave, Tigard, OR 97223","2026/06/02",1328,"Studio","Apartment"
"11974 SW 72nd Ave, Tigard, OR 97223","2026/06/02",1613,"1 Bed","Apartment"
"11974 SW 72nd Ave, Tigard, OR 97223","2026/06/02",2265,"2 Beds","Apartment"
"10306 SE Main St, Milwaukie, OR 97222","2026/06/02",1499,"Studio","Apartment"
"10306 SE Main St, Milwaukie, OR 97222","2026/06/02",1645,"1 Bed","Apartment"
"10306 SE Main St, Milwaukie, OR 97222","2026/06/02",2545,"2 Beds","Apartment"
"1110 W Columbia Way, Vancouver, WA 98660","2026/06/02",1555,"Studio","Apartment"
"1110 W Columbia Way, Vancouver, WA 98660","2026/06/02",1818,"1 Bed","Apartment"
"1110 W Columbia Way, Vancouver, WA 98660","2026/06/02",2580,"2 Beds","Apartment"
"1 Jefferson Pky, Lake Oswego, OR 97035","2026/06/02",1527,"1 Bed","Apartment"
"1 Jefferson Pky, Lake Oswego, OR 97035","2026/06/02",1776,"2 Beds","Apartment"
"1 Jefferson Pky, Lake Oswego, OR 97035","2026/06/02",2728,"3 Beds+","Apartment"
"636 W 6th St, Vancouver, WA 98660","2026/06/02",1716,"1 Bed","Apartment"
"636 W 6th St, Vancouver, WA 98660","2026/06/02",2138,"2 Beds","Apartment"
"411 Columbia St, Vancouver, WA 98660","2026/06/02",1526,"Studio","Apartment"
"411 Columbia St, Vancouver, WA 98660","2026/06/02",1526,"1 Bed","Apartment"
"411 Columbia St, Vancouver, WA 98660","2026/06/02",2752,"2 Beds","Apartment"
"440 W Columbia Way, Vancouver, WA 98660","2026/06/02",1635,"Studio","Apartment"
"440 W Columbia Way, Vancouver, WA 98660","2026/06/02",1875,"1 Bed","Apartment"
"440 W Columbia Way, Vancouver, WA 98660","2026/06/02",3185,"2 Beds","Apartment"
"13155 SW 68th Pky, Tigard, OR 97223","2026/06/02",1805,"1 Bed","Apartment"
"13155 SW 68th Pky, Tigard, OR 97223","2026/06/02",2355,"2 Beds","Apartment"
"8376 SW Pfaffle St, Tigard, OR 97223","2026/06/02",1470,"2 Beds",NA
"700 Waterfront Way, Vancouver, WA 98660","2026/06/02",1625,"Studio","Apartment"
"700 Waterfront Way, Vancouver, WA 98660","2026/06/02",2100,"1 Bed","Apartment"
"15 NW Park Ave, Portland, OR 97209","2026/06/02",1428,"1 Bed","Apartment"
"15 NW Park Ave, Portland, OR 97209","2026/06/02",2194,"2 Beds","Apartment"
"2050 NE Hoyt St, Portland, OR 97232","2026/06/02",1342,"Studio","Apartment"
"2050 NE Hoyt St, Portland, OR 97232","2026/06/02",1610,"1 Bed","Apartment"
"2050 NE Hoyt St, Portland, OR 97232","2026/06/02",2786,"2 Beds","Apartment"
"550 SE Martin Luther King Jr Blvd, Portland, OR 97214","2026/06/02",1295,"Studio","Apartment"
"550 SE Martin Luther King Jr Blvd, Portland, OR 97214","2026/06/02",1499,"1 Bed","Apartment"
"535 NW 11th Ave, Portland, OR 97209","2026/06/02",1580,"Studio","Apartment"
"535 NW 11th Ave, Portland, OR 97209","2026/06/02",1584,"1 Bed","Apartment"
"535 NW 11th Ave, Portland, OR 97209","2026/06/02",2275,"2 Beds","Apartment"
"4242 NE Halsey St, Portland, OR 97213","2026/06/02",1399,"Studio","Apartment"
"4242 NE Halsey St, Portland, OR 97213","2026/06/02",1550,"1 Bed","Apartment"
"4242 NE Halsey St, Portland, OR 97213","2026/06/02",1900,"2 Beds","Apartment"
"2112 NW Quimby St, Portland, OR 97210","2026/06/02",1319,"Studio","Apartment"
"2112 NW Quimby St, Portland, OR 97210","2026/06/02",1586,"1 Bed","Apartment"
"1250 E Burnside St, Portland, OR 97214","2026/06/02",1405,"1 Bed","Apartment"
"1250 E Burnside St, Portland, OR 97214","2026/06/02",2340,"2 Beds","Apartment"
"1625 SW Alder St, Portland, OR 97205","2026/06/02",1300,"Studio","Apartment"
"1625 SW Alder St, Portland, OR 97205","2026/06/02",1439,"1 Bed","Apartment"
"735 SW Saint Clair Ave, Portland, OR 97205","2026/06/02",1351,"1 Bed","Apartment"
"735 SW Saint Clair Ave, Portland, OR 97205","2026/06/02",1940,"2 Beds","Apartment"
"2209 NW Everett St, Portland, OR 97210","2026/06/02",1195,"Studio","Apartment"
"2209 NW Everett St, Portland, OR 97210","2026/06/02",1225,"1 Bed","Apartment"
"4030 N Williams Ave, Portland, OR 97227","2026/06/02",1225,"Studio","Apartment"
"4030 N Williams Ave, Portland, OR 97227","2026/06/02",1199,"1 Bed","Apartment"
"4030 N Williams Ave, Portland, OR 97227","2026/06/02",1649,"2 Beds","Apartment"
"1720 SW 4th Ave, Portland, OR 97201","2026/06/02",1420,"Studio","Apartment"
"1720 SW 4th Ave, Portland, OR 97201","2026/06/02",1647,"1 Bed","Apartment"
"1720 SW 4th Ave, Portland, OR 97201","2026/06/02",2083,"2 Beds+","Apartment"
NA,NA,NA,NA,NA
"1030-1030 SW Jefferson St, Portland, OR 97201","2026/06/02",1406,"Studio","Apartment"
"1030-1030 SW Jefferson St, Portland, OR 97201","2026/06/02",1432,"1 Bed","Apartment"
"1030-1030 SW Jefferson St, Portland, OR 97201","2026/06/02",2018,"2 Beds","Apartment"
"3260 SE Milwaukie Ave, Portland, OR 97202","2026/06/02",1350,"Studio","Apartment"
"3260 SE Milwaukie Ave, Portland, OR 97202","2026/06/02",1594,"1 Bed","Apartment"
"3260 SE Milwaukie Ave, Portland, OR 97202","2026/06/02",1675,"2 Beds+","Apartment"
"1910 NW Pettygrove St, Portland, OR 97209","2026/06/02",1220,"Studio","Apartment"
"1910 NW Pettygrove St, Portland, OR 97209","2026/06/02",1574,"1 Bed","Apartment"
"1245 N Anchor Way, Portland, OR 97217","2026/06/02",1300,"1 Bed","Apartment"
"1245 N Anchor Way, Portland, OR 97217","2026/06/02",1900,"2 Beds","Apartment"
"3035 NE Martin Luther King Jr. Blvd, Portland, OR 97212","2026/06/02",1450,"2 Beds",NA
"1650 NW 13th Ave, Portland, OR 97209","2026/06/02",1689,"Studio","Apartment"
"1650 NW 13th Ave, Portland, OR 97209","2026/06/02",1750,"1 Bed","Apartment"
"1650 NW 13th Ave, Portland, OR 97209","2026/06/02",2350,"2 Beds","Apartment"
"11777 SW Queen Elizabeth St, Portland, OR 97224","2026/06/02",3249,"2 Beds",NA
"5718-5856 SW Beaverton-hillsdale Hwy, Portland, OR 97221","2026/06/02",1415,"2 Beds",NA
"7227 N Philadelphia Ave, Portland, OR 97203","2026/06/02",1291,"Studio","Apartment"
"7227 N Philadelphia Ave, Portland, OR 97203","2026/06/02",1463,"1 Bed","Apartment"
"7227 N Philadelphia Ave, Portland, OR 97203","2026/06/02",1702,"2 Beds","Apartment"
"5990 SE 92nd Ave, Portland, OR 97266","2026/06/02",1361,"1 Bed","Apartment"
"5990 SE 92nd Ave, Portland, OR 97266","2026/06/02",1500,"2 Beds","Apartment"
"1940 NW 25th Ave, Portland, OR 97210","2026/06/02",1750,"2 Beds",NA
"6855 N Burlington Ave, Portland, OR 97203","2026/06/02",1355,"2 Beds",NA
"2915 NW Wilson St, Portland, OR 97210","2026/06/02",1475,"2 Beds",NA
"14800 NW Cornell Rd, Portland, OR 97229","2026/06/02",1649,"1 Bed","Apartment"
"14800 NW Cornell Rd, Portland, OR 97229","2026/06/02",1759,"2 Beds","Apartment"
"8338 N Interstate Ave, Portland, OR 97217","2026/06/02",1375,"Studio","Apartment"
"8338 N Interstate Ave, Portland, OR 97217","2026/06/02",1399,"1 Bed","Apartment"
"8338 N Interstate Ave, Portland, OR 97217","2026/06/02",1975,"2 Beds","Apartment"
"2330 NW Raleigh St, Portland, OR 97210","2026/06/02",2595,"2 Beds",NA
"7360 SW Barbur Blvd, Portland, OR 97219","2026/06/02",1349,"2 Beds",NA
"620 NE 20th Ave, Portland, OR 97232","2026/06/02",1195,"Studio","Apartment"
"620 NE 20th Ave, Portland, OR 97232","2026/06/02",1495,"1 Bed","Apartment"
"620 NE 20th Ave, Portland, OR 97232","2026/06/02",2425,"2 Beds","Apartment"
"1575 N Willis Blvd, Portland, OR 97217","2026/06/02",1185,"Studio","Apartment"
"1575 N Willis Blvd, Portland, OR 97217","2026/06/02",1269,"1 Bed","Apartment"
"1575 N Willis Blvd, Portland, OR 97217","2026/06/02",1760,"3 Beds","Apartment"
"1820 NE 104th Ave, Portland, OR 97220","2026/06/02",1475,"3 Beds",NA
NA,NA,NA,NA,NA
NA,NA,NA,NA,NA
"1850 NW Front Ave, Portland, OR 97209","2026/06/02",1325,"Studio","Apartment"
"1850 NW Front Ave, Portland, OR 97209","2026/06/02",1675,"1 Bed","Apartment"
"5510 N Denver Ave, Portland, OR 97217","2026/06/02",1350,"1 Bed",NA
"4301-4495 NE 133rd Ave, Portland, OR 97230","2026/06/02",1200,"1 Bed","Apartment"
"4301-4495 NE 133rd Ave, Portland, OR 97230","2026/06/02",1325,"2 Beds","Apartment"
"1000 SW Vista Ave, Portland, OR 97205","2026/06/02",1165,"Studio","Apartment"
"1000 SW Vista Ave, Portland, OR 97205","2026/06/02",1395,"1 Bed","Apartment"
"1000 SW Vista Ave, Portland, OR 97205","2026/06/02",1620,"2 Beds","Apartment"
"10267-10275 SE 66th Ave, Portland, OR 97222","2026/06/02",1850,"2 Beds",NA
"4835 SW Oleson Rd, Portland, OR 97225","2026/06/02",1332,"1 Bed","Apartment"
"4835 SW Oleson Rd, Portland, OR 97225","2026/06/02",1621,"2 Beds","Apartment"
"224 SE 188th Ave, Portland, OR 97233","2026/06/02",1205,"1 Bed","Apartment"
"224 SE 188th Ave, Portland, OR 97233","2026/06/02",1429,"2 Beds","Apartment"
"224 SE 188th Ave, Portland, OR 97233","2026/06/02",1800,"3 Beds","Apartment"
"3158 SW 12th Ave, Portland, OR 97239","2026/06/02",1550,"1 Bed","Apartment"
"3158 SW 12th Ave, Portland, OR 97239","2026/06/02",1995,"2 Beds","Apartment"
"3158 SW 12th Ave, Portland, OR 97239","2026/06/02",2935,"3 Beds","Apartment"
"3601 NE 162nd Ave, Portland, OR 97230","2026/06/02",1395,"1 Bed","Apartment"
"3601 NE 162nd Ave, Portland, OR 97230","2026/06/02",1475,"2 Beds","Apartment"
"3601 NE 162nd Ave, Portland, OR 97230","2026/06/02",1925,"3 Beds","Apartment"
NA,NA,NA,NA,NA
"1435 NE 62nd Ave, Portland, OR 97213","2026/06/02",795,"3 Beds",NA
"665 NE 178th Ave, Portland, OR 97230","2026/06/02",1241,"1 Bed","Apartment"
"665 NE 178th Ave, Portland, OR 97230","2026/06/02",1334,"2 Beds","Apartment"
"665 NE 178th Ave, Portland, OR 97230","2026/06/02",1785,"3 Beds","Apartment"
"11110 SE Powell Blvd, Portland, OR 97266","2026/06/02",1066,"1 Bed","Apartment"
"11110 SE Powell Blvd, Portland, OR 97266","2026/06/02",1276,"2 Beds","Apartment"
"11110 SE Powell Blvd, Portland, OR 97266","2026/06/02",1471,"3 Beds","Apartment"
"850 NE 81st Ave, Portland, OR 97213","2026/06/02",630,"3 Beds",NA
"130 A Ave, Lake Oswego, OR 97034","2026/06/02",2485,"1 Bed","Apartment"
"130 A Ave, Lake Oswego, OR 97034","2026/06/02",3710,"2 Beds","Apartment"
"7582 SW Hunziker St, Tigard, OR 97223","2026/06/02",1595,"2 Beds",NA
NA,NA,NA,NA,NA
"2700 W Powell Blvd, Gresham, OR 97030","2026/06/02",1416,"1 Bed","Apartment"
"2700 W Powell Blvd, Gresham, OR 97030","2026/06/02",1486,"2 Beds","Apartment"
"2700 W Powell Blvd, Gresham, OR 97030","2026/06/02",2339,"3 Beds","Apartment"
"2020 NE Multnomah St, Portland, OR 97232","2026/06/02",1837,"1 Bed","Apartment"
"2020 NE Multnomah St, Portland, OR 97232","2026/06/02",2760,"2 Beds","Apartment"
"1313 E Burnside St, Portland, OR 97232","2026/06/02",1315,"Studio","Apartment"
"1313 E Burnside St, Portland, OR 97232","2026/06/02",1449,"1 Bed","Apartment"
"1313 E Burnside St, Portland, OR 97232","2026/06/02",2254,"2 Beds","Apartment"
"1515 NW 21st Ave, Portland, OR 97210","2026/06/02",1641,"Studio","Apartment"
"1515 NW 21st Ave, Portland, OR 97210","2026/06/02",2306,"1 Bed","Apartment"
"1515 NW 21st Ave, Portland, OR 97210","2026/06/02",2983,"2 Beds","Apartment"
"1905 NW 23rd Ave, Portland, OR 97210","2026/06/02",1614,"1 Bed","Apartment"
"1905 NW 23rd Ave, Portland, OR 97210","2026/06/02",2250,"2 Beds","Apartment"
"230 SW Ash St, Portland, OR 97204","2026/06/02",1360,"Studio","Apartment"
"230 SW Ash St, Portland, OR 97204","2026/06/02",1599,"1 Bed","Apartment"
"1177 SW Market St, Portland, OR 97201","2026/06/02",1315,"Studio","Apartment"
"1177 SW Market St, Portland, OR 97201","2026/06/02",1544,"1 Bed","Apartment"
"430 SW 13th Ave, Portland, OR 97205","2026/06/02",1391,"Studio","Apartment"
"430 SW 13th Ave, Portland, OR 97205","2026/06/02",1837,"1 Bed","Apartment"
"430 SW 13th Ave, Portland, OR 97205","2026/06/02",3355,"2 Beds+","Apartment"
"4981 SE Woodstock Blvd, Portland, OR 97206","2026/06/02",1325,"Studio","Apartment"
"4981 SE Woodstock Blvd, Portland, OR 97206","2026/06/02",1699,"1 Bed","Apartment"
"1920 NW 26th Ave, Portland, OR 97210","2026/06/02",1190,"1 Bed",NA
"1580 NE 32nd Ave, Portland, OR 97232","2026/06/02",1285,"Studio","Apartment"
"1580 NE 32nd Ave, Portland, OR 97232","2026/06/02",1364,"1 Bed","Apartment"
"1580 NE 32nd Ave, Portland, OR 97232","2026/06/02",1999,"2 Beds","Apartment"
"975 SE 11th Ave, Portland, OR 97214","2026/06/02",1275,"Studio","Apartment"
"975 SE 11th Ave, Portland, OR 97214","2026/06/02",1480,"1 Bed","Apartment"
"123 SE 13th Ave, Portland, OR 97214","2026/06/02",1044,"Studio","Apartment"
"123 SE 13th Ave, Portland, OR 97214","2026/06/02",1349,"1 Bed","Apartment"
"1710 NE Multnomah St, Portland, OR 97232","2026/06/02",1046,"Studio","Apartment"
"1710 NE Multnomah St, Portland, OR 97232","2026/06/02",1477,"1 Bed","Apartment"
"1710 NE Multnomah St, Portland, OR 97232","2026/06/02",1548,"2 Beds","Apartment"
"1222 NW 18th Ave, Portland, OR 97209","2026/06/02",1131,"Studio","Apartment"
"1222 NW 18th Ave, Portland, OR 97209","2026/06/02",1444,"1 Bed","Apartment"
"1222 NW 18th Ave, Portland, OR 97209","2026/06/02",1906,"2 Beds","Apartment"
"5605 SE Milwaukie Ave, Portland, OR 97202","2026/06/02",995,"2 Beds",NA
"1221 SW 11th Ave, Portland, OR 97205","2026/06/02",1399,"Studio","Apartment"
"1221 SW 11th Ave, Portland, OR 97205","2026/06/02",1525,"1 Bed","Apartment"
"1221 SW 11th Ave, Portland, OR 97205","2026/06/02",2125,"2 Beds","Apartment"
"2240-2250 NW Lovejoy St, Portland, OR 97210","2026/06/02",1294,"Studio","Apartment"
"2240-2250 NW Lovejoy St, Portland, OR 97210","2026/06/02",1510,"1 Bed","Apartment"
"2240-2250 NW Lovejoy St, Portland, OR 97210","2026/06/02",2040,"2 Beds","Apartment"
"1656 NE 32nd Ave, Portland, OR 97232","2026/06/02",1271,"Studio","Apartment"
"1656 NE 32nd Ave, Portland, OR 97232","2026/06/02",1399,"1 Bed","Apartment"
"1656 NE 32nd Ave, Portland, OR 97232","2026/06/02",2181,"2 Beds","Apartment"
"1969 SW Park Ave, Portland, OR 97201","2026/06/02",1164,"Studio","Apartment"
"1969 SW Park Ave, Portland, OR 97201","2026/06/02",1031,"1 Bed","Apartment"
"1969 SW Park Ave, Portland, OR 97201","2026/06/02",1814,"2 Beds","Apartment"
"1161 NW Overton St, Portland, OR 97209","2026/06/02",1605,"1 Bed","Apartment"
"1161 NW Overton St, Portland, OR 97209","2026/06/02",2722,"2 Beds","Apartment"
"151 N Killingsworth St, Portland, OR 97217","2026/06/02",899,"Studio","Apartment"
"151 N Killingsworth St, Portland, OR 97217","2026/06/02",1194,"1 Bed","Apartment"
"151 N Killingsworth St, Portland, OR 97217","2026/06/02",1590,"2 Beds","Apartment"
NA,NA,NA,NA,NA
"1010 SE Ash St, Portland, OR 97232","2026/06/02",1425,"Studio","Apartment"
"1010 SE Ash St, Portland, OR 97232","2026/06/02",1495,"1 Bed","Apartment"
"1010 SE Ash St, Portland, OR 97232","2026/06/02",2495,"2 Beds","Apartment"
"8340 SW Apple Way, Portland, OR 97225","2026/06/02",1600,"1 Bed","Apartment"
"8340 SW Apple Way, Portland, OR 97225","2026/06/02",1795,"2 Beds","Apartment"
"8340 SW Apple Way, Portland, OR 97225","2026/06/02",2365,"3 Beds","Apartment"
"625 NW Everett St, Portland, OR 97209","2026/06/02",1972,"3 Beds",NA
"16533 NE Halsey St, Portland, OR 97230","2026/06/02",2250,"3 Beds",NA
NA,NA,NA,NA,NA
"60 SE 10th Ave, Portland, OR 97214","2026/06/02",1625,"Studio","Apartment"
"60 SE 10th Ave, Portland, OR 97214","2026/06/02",1450,"1 Bed","Apartment"
"60 SE 10th Ave, Portland, OR 97214","2026/06/02",2142,"2 Beds","Apartment"
"17366 NE Halsey St, Portland, OR 97230","2026/06/02",1650,"2 Beds",NA
"2112 NW Irving St, Portland, OR 97210","2026/06/02",1480,"Studio","Apartment"
"2112 NW Irving St, Portland, OR 97210","2026/06/02",2538,"2 Beds","Apartment"
"1905 NW 29th Ave, Portland, OR 97210","2026/06/02",1575,"1 Bed","Apartment"
"1905 NW 29th Ave, Portland, OR 97210","2026/06/02",1775,"2 Beds","Apartment"
"8150 SW Barnes Rd, Portland, OR 97225","2026/06/02",1561,"1 Bed","Apartment"
"8150 SW Barnes Rd, Portland, OR 97225","2026/06/02",1794,"2 Beds","Apartment"
"222 SW Harrison St, Portland, OR 97201","2026/06/02",1572,"1 Bed","Apartment"
"222 SW Harrison St, Portland, OR 97201","2026/06/02",2358,"2 Beds","Apartment"
"677 S Lowell St, Portland, OR 97239","2026/06/02",1190,"Studio","Apartment"
"677 S Lowell St, Portland, OR 97239","2026/06/02",1530,"1 Bed","Apartment"
"677 S Lowell St, Portland, OR 97239","2026/06/02",2265,"2 Beds","Apartment"
"708 NW 19th Ave, Portland, OR 97209","2026/06/02",1225,"2 Beds",NA
"8435 SE Insley St, Portland, OR 97266","2026/06/02",1550,"2 Beds",NA
"2050 NW Raleigh St, Portland, OR 97209","2026/06/02",1604,"Studio","Apartment"
"2050 NW Raleigh St, Portland, OR 97209","2026/06/02",2058,"1 Bed","Apartment"
"2050 NW Raleigh St, Portland, OR 97209","2026/06/02",3336,"2 Beds+","Apartment"
"385 NW Lost Springs Ter, Portland, OR 97229","2026/06/02",1810,"2 Beds+",NA
"1728 NE 45th Ave, Portland, OR 97213","2026/06/02",1399,"1 Bed","Apartment"
"1728 NE 45th Ave, Portland, OR 97213","2026/06/02",1900,"2 Beds","Apartment"
"14615 NE Rose Pky, Portland, OR 97230","2026/06/02",2050,"2 Beds","Apartment"
"14615 NE Rose Pky, Portland, OR 97230","2026/06/02",2300,"3 Beds","Apartment"
"1550 NW Naito Pky, Portland, OR 97209","2026/06/02",1549,"Studio","Apartment"
"1550 NW Naito Pky, Portland, OR 97209","2026/06/02",1980,"1 Bed","Apartment"
"1550 NW Naito Pky, Portland, OR 97209","2026/06/02",2986,"2 Beds","Apartment"
"16107 NW Brugger Rd, Portland, OR 97229","2026/06/02",1649,"1 Bed","Apartment"
"16107 NW Brugger Rd, Portland, OR 97229","2026/06/02",1925,"2 Beds","Apartment"
"16107 NW Brugger Rd, Portland, OR 97229","2026/06/02",2495,"3 Beds","Apartment"
"14682 NW Cornell Rd, Portland, OR 97229","2026/06/02",1320,"1 Bed","Apartment"
"14682 NW Cornell Rd, Portland, OR 97229","2026/06/02",1465,"2 Beds","Apartment"
"14682 NW Cornell Rd, Portland, OR 97229","2026/06/02",1980,"3 Beds","Apartment"
"10381 SW Eastridge St, Portland, OR 97225","2026/06/02",1950,"3 Beds",NA
"2631-2651 NW Upshur St, Portland, OR 97210","2026/06/02",1175,"Studio","Apartment"
"2631-2651 NW Upshur St, Portland, OR 97210","2026/06/02",1400,"1 Bed","Apartment"
"4310 N Maryland Ave, Portland, OR 97217","2026/06/02",1495,"1 Bed",NA
"2180 NE 47th Ave, Portland, OR 97213","2026/06/02",1025,"1 Bed",NA
"5125 SW Scholls Ferry Rd, Portland, OR 97225","2026/06/02",1217,"1 Bed","Apartment"
"5125 SW Scholls Ferry Rd, Portland, OR 97225","2026/06/02",1430,"2 Beds","Apartment"
"7600 SW Oleson Rd, Portland, OR 97223","2026/06/02",1275,"1 Bed","Apartment"
"7600 SW Oleson Rd, Portland, OR 97223","2026/06/02",1280,"2 Beds","Apartment"
NA,NA,NA,NA,NA
"1431 SW Park Ave, Portland, OR 97201","2026/06/02",1100,"Studio","Apartment"
"1431 SW Park Ave, Portland, OR 97201","2026/06/02",1250,"1 Bed","Apartment"
"650 SE 162nd Ave, Portland, OR 97233","2026/06/02",1249,"1 Bed","Apartment"
"650 SE 162nd Ave, Portland, OR 97233","2026/06/02",1349,"2 Beds","Apartment"
"12425 NW Barnes Rd, Portland, OR 97229","2026/06/02",1290,"1 Bed","Apartment"
"12425 NW Barnes Rd, Portland, OR 97229","2026/06/02",1575,"2 Beds","Apartment"
"1103-1117 SW Alder St, Portland, OR 97205","2026/06/02",925,"Studio","Apartment"
"1103-1117 SW Alder St, Portland, OR 97205","2026/06/02",1200,"1 Bed","Apartment"
"10411 SE Cook Ct, Portland, OR 97222","2026/06/02",1515,"1 Bed","Apartment"
"10411 SE Cook Ct, Portland, OR 97222","2026/06/02",1700,"2 Beds","Apartment"
"10411 SE Cook Ct, Portland, OR 97222","2026/06/02",1975,"3 Beds","Apartment"
"2004 SW Jefferson St, Portland, OR 97201","2026/06/02",1270,"3 Beds",NA
"473 SE 169th Ave, Portland, OR 97233","2026/06/02",1400,"1 Bed","Apartment"
"473 SE 169th Ave, Portland, OR 97233","2026/06/02",1495,"2 Beds","Apartment"
"473 SE 169th Ave, Portland, OR 97233","2026/06/02",1995,"3 Beds","Apartment"
"5325 N Interstate Ave, Portland, OR 97217","2026/06/02",1408,"Studio","Apartment"
"5325 N Interstate Ave, Portland, OR 97217","2026/06/02",1657,"1 Bed","Apartment"
"5325 N Interstate Ave, Portland, OR 97217","2026/06/02",2424,"2 Beds","Apartment"
"1040 NW 10th Ave, Portland, OR 97209","2026/06/02",1007,"Studio","Apartment"
"1040 NW 10th Ave, Portland, OR 97209","2026/06/02",1292,"1 Bed","Apartment"
"1040 NW 10th Ave, Portland, OR 97209","2026/06/02",1547,"2 Beds","Apartment"
"10600 SW Taylor St, Portland, OR 97225","2026/06/02",1732,"1 Bed","Apartment"
"10600 SW Taylor St, Portland, OR 97225","2026/06/02",1695,"2 Beds","Apartment"
"737 SW 17th Ave, Portland, OR 97205","2026/06/02",975,"Studio","Apartment"
"737 SW 17th Ave, Portland, OR 97205","2026/06/02",1100,"1 Bed","Apartment"
"737 SW 17th Ave, Portland, OR 97205","2026/06/02",1439,"2 Beds","Apartment"
"901 SW King Ave, Portland, OR 97205","2026/06/02",905,"Studio","Apartment"
"901 SW King Ave, Portland, OR 97205","2026/06/02",1135,"1 Bed","Apartment"
"901 SW King Ave, Portland, OR 97205","2026/06/02",2065,"2 Beds","Apartment"
"301 SW Lincoln St, Portland, OR 97201","2026/06/02",1330,"1 Bed","Apartment"
"301 SW Lincoln St, Portland, OR 97201","2026/06/02",1740,"2 Beds","Apartment"
"505-577 NE Dekum St, Portland, OR 97211","2026/06/02",1199,"Studio","Apartment"
"505-577 NE Dekum St, Portland, OR 97211","2026/06/02",1499,"1 Bed","Apartment"
"505-577 NE Dekum St, Portland, OR 97211","2026/06/02",1995,"2 Beds","Apartment"
"1670 SW Alder St, Portland, OR 97205","2026/06/02",1100,"Studio","Apartment"
"1670 SW Alder St, Portland, OR 97205","2026/06/02",1358,"1 Bed","Apartment"
"1670 SW Alder St, Portland, OR 97205","2026/06/02",1628,"2 Beds","Apartment"
"1425 NE 7th Ave, Portland, OR 97232","2026/06/02",1250,"Studio","Apartment"
"1425 NE 7th Ave, Portland, OR 97232","2026/06/02",1350,"1 Bed","Apartment"
"1425 NE 7th Ave, Portland, OR 97232","2026/06/02",1900,"2 Beds","Apartment"
"1126 SW 12th Ave, Portland, OR 97205","2026/06/02",825,"2 Beds",NA
"2837-2847 SE Colt Dr, Portland, OR 97202","2026/06/02",1014,"Studio","Apartment"
"2837-2847 SE Colt Dr, Portland, OR 97202","2026/06/02",1034,"1 Bed","Apartment"
"2837-2847 SE Colt Dr, Portland, OR 97202","2026/06/02",1578,"2 Beds","Apartment"
"4225 SE Milwaukie Ave, Portland, OR 97202","2026/06/02",1299,"Studio","Apartment"
"4225 SE Milwaukie Ave, Portland, OR 97202","2026/06/02",1450,"1 Bed","Apartment"
"4225 SE Milwaukie Ave, Portland, OR 97202","2026/06/02",2079,"2 Beds","Apartment"
"5460 N Interstate Ave, Portland, OR 97217","2026/06/02",999,"Studio","Apartment"
"5460 N Interstate Ave, Portland, OR 97217","2026/06/02",1175,"1 Bed","Apartment"
"5460 N Interstate Ave, Portland, OR 97217","2026/06/02",1525,"2 Beds","Apartment"
"4255-4545 NE 125th Pl, Portland, OR 97230","2026/06/02",1243,"1 Bed","Apartment"
"4255-4545 NE 125th Pl, Portland, OR 97230","2026/06/02",1410,"2 Beds","Apartment"
"1010 NW 17th Ave, Portland, OR 97209","2026/06/02",1145,"2 Beds",NA
"18700 Rock Creek Cir, Portland, OR 97229","2026/06/02",1155,"Studio","Apartment"
"18700 Rock Creek Cir, Portland, OR 97229","2026/06/02",1254,"1 Bed","Apartment"
"18700 Rock Creek Cir, Portland, OR 97229","2026/06/02",1486,"2 Beds+","Apartment"
"10445 NE 6th St, Portland, OR 97211","2026/06/02",1173,"Studio","Apartment"
"10445 NE 6th St, Portland, OR 97211","2026/06/02",1283,"1 Bed","Apartment"
"10445 NE 6th St, Portland, OR 97211","2026/06/02",1599,"2 Beds","Apartment"
"333 NE 146th Ave, Portland, OR 97230","2026/06/02",1088,"Studio","Apartment"
"333 NE 146th Ave, Portland, OR 97230","2026/06/02",1409,"1 Bed","Apartment"
"333 NE 146th Ave, Portland, OR 97230","2026/06/02",1599,"2 Beds","Apartment"
"920 NW Kearney St, Portland, OR 97209","2026/06/02",892,"2 Beds",NA
"333 NW 4th Ave, Portland, OR 97209","2026/06/02",1200,"1 Bed","Apartment"
"333 NW 4th Ave, Portland, OR 97209","2026/06/02",1350,"2 Beds","Apartment"
"314 NW 5th Ave, Portland, OR 97209","2026/06/02",995,"Studio","Apartment"
"314 NW 5th Ave, Portland, OR 97209","2026/06/02",1100,"1 Bed","Apartment"
"815 NW Naito Pky, Portland, OR 97209","2026/06/02",899,"Studio","Apartment"
"815 NW Naito Pky, Portland, OR 97209","2026/06/02",1099,"1 Bed","Apartment"
"815 NW Naito Pky, Portland, OR 97209","2026/06/02",1499,"2 Beds","Apartment"
"945 NW Naito Pky, Portland, OR 97209","2026/06/02",892,"Studio","Apartment"
"945 NW Naito Pky, Portland, OR 97209","2026/06/02",1042,"1 Bed","Apartment"
"945 NW Naito Pky, Portland, OR 97209","2026/06/02",1297,"2 Beds","Apartment"
"15994 E Burnside St, Portland, OR 97233","2026/06/02",1050,"Studio","Apartment"
"15994 E Burnside St, Portland, OR 97233","2026/06/02",1095,"1 Bed","Apartment"
"15994 E Burnside St, Portland, OR 97233","2026/06/02",1195,"2 Beds+","Apartment"
"2045 SW River Pky, Portland, OR 97201","2026/06/02",470,"Studio","Apartment"
"2045 SW River Pky, Portland, OR 97201","2026/06/02",1056,"1 Bed","Apartment"
"2045 SW River Pky, Portland, OR 97201","2026/06/02",1264,"2 Beds+","Apartment"
"5827 NE Prescott St, Portland, OR 97218","2026/06/02",650,"1 Bed","Apartment"
"5827 NE Prescott St, Portland, OR 97218","2026/06/02",1200,"2 Beds","Apartment"
"5827 NE Prescott St, Portland, OR 97218","2026/06/02",1400,"3 Beds","Apartment"
"1000 W Columbia Way, Vancouver, WA 98660","2026/06/02",1491,"1 Bed","Apartment"
"1000 W Columbia Way, Vancouver, WA 98660","2026/06/02",2402,"2 Beds","Apartment"
"215 Greenridge Dr, Lake Oswego, OR 97035","2026/06/02",1295,"Studio","Apartment"
"215 Greenridge Dr, Lake Oswego, OR 97035","2026/06/02",1545,"1 Bed","Apartment"
"215 Greenridge Dr, Lake Oswego, OR 97035","2026/06/02",1796,"2 Beds+","Apartment"
"1500 SW Pleasant View Dr, Gresham, OR 97080","2026/06/02",1423,"1 Bed","Apartment"
"1500 SW Pleasant View Dr, Gresham, OR 97080","2026/06/02",1503,"2 Beds","Apartment"
"2948 W Powell Blvd, Gresham, OR 97030","2026/06/02",1950,"2 Beds","Apartment"
"2948 W Powell Blvd, Gresham, OR 97030","2026/06/02",1850,"3 Beds","Apartment"
"7911 SE King Rd, Milwaukie, OR 97222","2026/06/02",1250,"1 Bed","Apartment"
"7911 SE King Rd, Milwaukie, OR 97222","2026/06/02",1595,"2 Beds","Apartment"
"9735 SW Hall Blvd, Tigard, OR 97223","2026/06/02",1325,"1 Bed","Apartment"
"9735 SW Hall Blvd, Tigard, OR 97223","2026/06/02",1425,"2 Beds","Apartment"
"3097 SE Meek St, Milwaukie, OR 97222","2026/06/02",1150,"Studio","Apartment"
"3097 SE Meek St, Milwaukie, OR 97222","2026/06/02",1367,"1 Bed","Apartment"
"3097 SE Meek St, Milwaukie, OR 97222","2026/06/02",1637,"2 Beds","Apartment"
"807 Jefferson St, Vancouver, WA 98660","2026/06/02",1600,"1 Bed","Apartment"
"807 Jefferson St, Vancouver, WA 98660","2026/06/02",1650,"2 Beds","Apartment"
"7790 SW Hunziker Rd, Tigard, OR 97223","2026/06/02",1396,"1 Bed","Apartment"
"7790 SW Hunziker Rd, Tigard, OR 97223","2026/06/02",1575,"2 Beds","Apartment"
"1314 N Skidmore St, Portland, OR 97217","2026/06/02",1839,"1 Bed","Apartment"
"1314 N Skidmore St, Portland, OR 97217","2026/06/02",2562,"2 Beds","Apartment"
"3309 N Mississippi Ave, Portland, OR 97227","2026/06/02",1490,"Studio","Apartment"
"3309 N Mississippi Ave, Portland, OR 97227","2026/06/02",1490,"1 Bed","Apartment"
"3309 N Mississippi Ave, Portland, OR 97227","2026/06/02",2623,"2 Beds","Apartment"
"3450 N Williams Ave, Portland, OR 97227","2026/06/02",1675,"Studio","Apartment"
"3450 N Williams Ave, Portland, OR 97227","2026/06/02",2071,"1 Bed","Apartment"
"3450 N Williams Ave, Portland, OR 97227","2026/06/02",2590,"2 Beds","Apartment"
"1378 NW 18th Ave, Portland, OR 97209","2026/06/02",1299,"Studio","Apartment"
"1378 NW 18th Ave, Portland, OR 97209","2026/06/02",1624,"1 Bed","Apartment"
"1378 NW 18th Ave, Portland, OR 97209","2026/06/02",2772,"2 Beds","Apartment"
"1470 NW Overton St, Portland, OR 97209","2026/06/02",1199,"Studio","Apartment"
"1470 NW Overton St, Portland, OR 97209","2026/06/02",1405,"1 Bed","Apartment"
NA,NA,NA,NA,NA
"80 NE 14th Ave, Portland, OR 97232","2026/06/02",1212,"Studio","Apartment"
"80 NE 14th Ave, Portland, OR 97232","2026/06/02",1322,"1 Bed","Apartment"
"80 NE 14th Ave, Portland, OR 97232","2026/06/02",2519,"2 Beds","Apartment"
"3833 SW Bond Ave, Portland, OR 97239","2026/06/02",1209,"Studio","Apartment"
"3833 SW Bond Ave, Portland, OR 97239","2026/06/02",1373,"1 Bed","Apartment"
"3833 SW Bond Ave, Portland, OR 97239","2026/06/02",2379,"2 Beds","Apartment"
"15710-15714 SE Stark St, Portland, OR 97233","2026/06/02",1800,"2 Beds",NA
"2730 N Killingsworth St, Portland, OR 97217","2026/06/02",1595,"2 Beds",NA
NA,NA,NA,NA,NA
"2020 SW Salmon St, Portland, OR 97205","2026/06/02",1475,"1 Bed","Apartment"
"2020 SW Salmon St, Portland, OR 97205","2026/06/02",1750,"2 Beds","Apartment"
"7550 N Lombard St, Portland, OR 97203","2026/06/02",1224,"Studio","Apartment"
"7550 N Lombard St, Portland, OR 97203","2026/06/02",1487,"1 Bed","Apartment"
"11612-11622 SE Division St, Portland, OR 97266","2026/06/02",1125,"1 Bed","Apartment"
"11612-11622 SE Division St, Portland, OR 97266","2026/06/02",1350,"2 Beds","Apartment"
"7680 SW 74th Ave, Portland, OR 97223","2026/06/02",1550,"2 Beds",NA
"6006 SE 53rd Ave, Portland, OR 97206","2026/06/02",1795,"2 Beds",NA
"6615 SE 52nd Ave, Portland, OR 97206","2026/06/02",1299,"2 Beds",NA
"8332 SW 21st St, Portland, OR 97219","2026/06/02",1350,"2 Beds",NA
"1650 SE Tacoma St, Portland, OR 97202","2026/06/02",1532,"2 Beds",NA
"6035-6085 SW Beaverton-Hillsdale Hwy, Portland, OR 97221","2026/06/02",1495,"2 Beds",NA
"6816 N Trumbull Ave, Portland, OR 97203","2026/06/02",1163,"2 Beds",NA
"16431 NE Glisan St, Portland, OR 97230","2026/06/02",1159,"1 Bed","Apartment"
"16431 NE Glisan St, Portland, OR 97230","2026/06/02",1250,"2 Beds","Apartment"
"5817-5845 SW Beaverton-hillsdale Hwy, Portland, OR 97221","2026/06/02",1390,"1 Bed","Apartment"
"5817-5845 SW Beaverton-hillsdale Hwy, Portland, OR 97221","2026/06/02",1690,"2 Beds","Apartment"
"15800 NW West Union Rd, Portland, OR 97229","2026/06/02",1239,"1 Bed","Apartment"
"15800 NW West Union Rd, Portland, OR 97229","2026/06/02",1739,"2 Beds","Apartment"
"670 NW Saltzman Rd, Portland, OR 97229","2026/06/02",1290,"1 Bed","Apartment"
"670 NW Saltzman Rd, Portland, OR 97229","2026/06/02",1490,"2 Beds","Apartment"
"4707 SE Hawthorne Blvd, Portland, OR 97215","2026/06/02",1495,"2 Beds",NA
"1025 SW 11th Ave, Portland, OR 97205","2026/06/02",1050,"2 Beds",NA
"827 NE 99th Ave, Portland, OR 97220","2026/06/02",1300,"1 Bed","Apartment"
"827 NE 99th Ave, Portland, OR 97220","2026/06/02",1625,"2 Beds","Apartment"
"1611 NW Marshall St, Portland, OR 97209","2026/06/02",999,"2 Beds",NA
"4915 N Vancouver Ave, Portland, OR 97217","2026/06/02",1395,"Studio","Apartment"
"4915 N Vancouver Ave, Portland, OR 97217","2026/06/02",1295,"1 Bed","Apartment"
"6239 SW Beaverton Hillsdale Hwy, Portland, OR 97221","2026/06/02",1245,"1 Bed","Apartment"
"6239 SW Beaverton Hillsdale Hwy, Portland, OR 97221","2026/06/02",1625,"2 Beds","Apartment"
"8770 N Willamette Blvd, Portland, OR 97203","2026/06/02",1195,"2 Beds",NA
"4929 SW Scholls Ferry Rd, Portland, OR 97225","2026/06/02",1300,"1 Bed","Apartment"
"4929 SW Scholls Ferry Rd, Portland, OR 97225","2026/06/02",1600,"2 Beds","Apartment"
"1205 SE Morrison St, Portland, OR 97214","2026/06/02",1703,"2 Beds",NA
"1617-1625 NE Alberta St, Portland, OR 97211","2026/06/02",1200,"2 Beds",NA
"2130 SW Camelot Ct, Portland, OR 97225","2026/06/02",1175,"1 Bed","Apartment"
"2130 SW Camelot Ct, Portland, OR 97225","2026/06/02",1595,"2 Beds","Apartment"
"245 SW Lincoln St, Portland, OR 97201","2026/06/02",1670,"1 Bed","Apartment"
"245 SW Lincoln St, Portland, OR 97201","2026/06/02",2515,"2 Beds","Apartment"
"9550 SW Washington Dr, Portland, OR 97223","2026/06/02",1395,"2 Beds",NA
"9030-9118 SE Flavel St, Portland, OR 97266","2026/06/02",1495,"2 Beds",NA
"2256 NW Overton St, Portland, OR 97210","2026/06/02",830,"Studio","Apartment"
"2256 NW Overton St, Portland, OR 97210","2026/06/02",2059,"2 Beds","Apartment"
"3000 SE Powell Blvd, Portland, OR 97202","2026/06/02",950,"Studio","Apartment"
"3000 SE Powell Blvd, Portland, OR 97202","2026/06/02",1260,"1 Bed","Apartment"
"3000 SE Powell Blvd, Portland, OR 97202","2026/06/02",1531,"2 Beds","Apartment"
"1825 NE 108th Ave, Portland, OR 97220","2026/06/02",950,"Studio","Apartment"
"1825 NE 108th Ave, Portland, OR 97220","2026/06/02",1075,"1 Bed","Apartment"
"15839 E Burnside St, Portland, OR 97233","2026/06/02",1099,"1 Bed","Apartment"
"15839 E Burnside St, Portland, OR 97233","2026/06/02",1399,"2 Beds","Apartment"
"783 SE 185th Ave, Portland, OR 97233","2026/06/02",995,"1 Bed","Apartment"
"783 SE 185th Ave, Portland, OR 97233","2026/06/02",1622,"2 Beds","Apartment"
"783 SE 185th Ave, Portland, OR 97233","2026/06/02",1873,"3 Beds+","Apartment"
"3323 SW Multnomah Blvd, Portland, OR 97219","2026/06/02",1250,"2 Beds","Apartment"
"3323 SW Multnomah Blvd, Portland, OR 97219","2026/06/02",1550,"3 Beds","Apartment"
NA,NA,NA,NA,NA
"97 Kingsgate Rd, Lake Oswego, OR 97035","2026/06/02",2095,"3 Beds",NA
"1111 W Columbia Way, Vancouver, WA 98660","2026/06/02",1999,"Studio","Apartment"
"1111 W Columbia Way, Vancouver, WA 98660","2026/06/02",1850,"1 Bed","Apartment"
"1111 W Columbia Way, Vancouver, WA 98660","2026/06/02",3799,"2 Beds","Apartment"
"10735 SW 69th Ave, Tigard, OR 97223","2026/06/02",1495,"2 Beds",NA
"7661 SW Capitol Hwy, Portland, OR 97219","2026/06/02",1445,"Studio","Apartment"
"7661 SW Capitol Hwy, Portland, OR 97219","2026/06/02",1619,"1 Bed","Apartment"
"7661 SW Capitol Hwy, Portland, OR 97219","2026/06/02",2848,"2 Beds","Apartment"
"1500 SW 12th Ave, Portland, OR 97201","2026/06/02",1211,"Studio","Apartment"
"1500 SW 12th Ave, Portland, OR 97201","2026/06/02",1260,"1 Bed","Apartment"
"1500 SW 12th Ave, Portland, OR 97201","2026/06/02",2039,"2 Beds","Apartment"
"710 NW 14th Ave, Portland, OR 97209","2026/06/02",1750,"Studio","Apartment"
"710 NW 14th Ave, Portland, OR 97209","2026/06/02",2266,"1 Bed","Apartment"
"7711 SW Capitol Hwy, Portland, OR 97219","2026/06/02",1499,"Studio","Apartment"
"7711 SW Capitol Hwy, Portland, OR 97219","2026/06/02",1642,"1 Bed","Apartment"
"7711 SW Capitol Hwy, Portland, OR 97219","2026/06/02",2850,"2 Beds","Apartment"
"4265-4275 NE Halsey St, Portland, OR 97213","2026/06/02",1475,"1 Bed","Apartment"
"4265-4275 NE Halsey St, Portland, OR 97213","2026/06/02",1650,"2 Beds","Apartment"
"3270 N Vancouver Ave, Portland, OR 97227","2026/06/02",1450,"Studio","Apartment"
"3270 N Vancouver Ave, Portland, OR 97227","2026/06/02",1430,"1 Bed","Apartment"
"3270 N Vancouver Ave, Portland, OR 97227","2026/06/02",2351,"2 Beds","Apartment"
"1885 NW Quimby St, Portland, OR 97209","2026/06/02",1885,"1 Bed","Apartment"
"1885 NW Quimby St, Portland, OR 97209","2026/06/02",2709,"2 Beds","Apartment"
"4312-4327 N Williams Ave, Portland, OR 97217","2026/06/02",1504,"Studio","Apartment"
"4312-4327 N Williams Ave, Portland, OR 97217","2026/06/02",1801,"1 Bed","Apartment"
"1221 NW Marshall St, Portland, OR 97209","2026/06/02",1534,"Studio","Apartment"
"1221 NW Marshall St, Portland, OR 97209","2026/06/02",2048,"1 Bed","Apartment"
"1221 NW Marshall St, Portland, OR 97209","2026/06/02",3947,"2 Beds","Apartment"
"4525 SW California St, Portland, OR 97219","2026/06/02",1601,"Studio","Apartment"
"4525 SW California St, Portland, OR 97219","2026/06/02",1732,"1 Bed","Apartment"
NA,NA,NA,NA,NA
NA,NA,NA,NA,NA
"1551 SW Taylor St, Portland, OR 97205","2026/06/02",1288,"Studio","Apartment"
"1551 SW Taylor St, Portland, OR 97205","2026/06/02",1554,"1 Bed","Apartment"
NA,NA,NA,NA,NA
"3636 SE Mall St, Portland, OR 97202","2026/06/02",1450,"1 Bed","Apartment"
"3636 SE Mall St, Portland, OR 97202","2026/06/02",1550,"2 Beds","Apartment"
"3636 SE Mall St, Portland, OR 97202","2026/06/02",1950,"3 Beds","Apartment"
"6734 N Fessenden St, Portland, OR 97203","2026/06/02",1299,"1 Bed","Apartment"
"6734 N Fessenden St, Portland, OR 97203","2026/06/02",1399,"2 Beds","Apartment"
NA,NA,NA,NA,NA
"38 NW Davis St, Portland, OR 97209","2026/06/02",1275,"Studio","Apartment"
"38 NW Davis St, Portland, OR 97209","2026/06/02",1525,"1 Bed","Apartment"
"38 NW Davis St, Portland, OR 97209","2026/06/02",1700,"2 Beds","Apartment"
"1129 SW Washington St, Portland, OR 97205","2026/06/02",915,"Studio","Apartment"
"1129 SW Washington St, Portland, OR 97205","2026/06/02",1145,"1 Bed","Apartment"
NA,NA,NA,NA,NA
"2270 NW Savier St, Portland, OR 97210","2026/06/02",1482,"Studio","Apartment"
"2270 NW Savier St, Portland, OR 97210","2026/06/02",1592,"1 Bed","Apartment"
"2121 SW Multnomah Blvd, Portland, OR 97219","2026/06/02",1376,"1 Bed","Apartment"
"2121 SW Multnomah Blvd, Portland, OR 97219","2026/06/02",1400,"2 Beds","Apartment"
"1701 SW Columbia St, Portland, OR 97201","2026/06/02",1084,"2 Beds",NA
"1801-1899 N W 143rd Ave, Portland, OR 97229","2026/06/02",1418,"1 Bed","Apartment"
"1801-1899 N W 143rd Ave, Portland, OR 97229","2026/06/02",1659,"2 Beds","Apartment"
"1801-1899 N W 143rd Ave, Portland, OR 97229","2026/06/02",1786,"3 Beds","Apartment"
"3010-3106 SW 10th Ave, Portland, OR 97239","2026/06/02",995,"Studio","Apartment"
"3010-3106 SW 10th Ave, Portland, OR 97239","2026/06/02",1150,"1 Bed","Apartment"
"3010-3106 SW 10th Ave, Portland, OR 97239","2026/06/02",1430,"2 Beds","Apartment"
"2211 SW 4th Ave, Portland, OR 97201","2026/06/02",949,"Studio","Apartment"
"2211 SW 4th Ave, Portland, OR 97201","2026/06/02",1200,"1 Bed","Apartment"
"1930 NE Alberta St, Portland, OR 97211","2026/06/02",1585,"1 Bed",NA
"4750 N Albina Ave, Portland, OR 97217","2026/06/02",2037,"1 Bed",NA
"5416 SE 122nd Ave, Portland, OR 97236","2026/06/02",1218,"1 Bed","Apartment"
"5416 SE 122nd Ave, Portland, OR 97236","2026/06/02",1482,"2 Beds","Apartment"
"957 NE 122nd Ave, Portland, OR 97230","2026/06/02",1425,"2 Beds",NA
"4807 SE Boardman Ave, Portland, OR 97267","2026/06/02",1895,"2 Beds",NA
"2040 SW Vermont St, Portland, OR 97219","2026/06/02",1540,"1 Bed","Apartment"
"2040 SW Vermont St, Portland, OR 97219","2026/06/02",1760,"2 Beds","Apartment"
"1451 NE Alberta St, Portland, OR 97211","2026/06/02",1775,"2 Beds",NA
"15301-15353 SE Division St, Portland, OR 97236","2026/06/02",1150,"1 Bed","Apartment"
"15301-15353 SE Division St, Portland, OR 97236","2026/06/02",1500,"2 Beds","Apartment"
"13400 SE Stark St, Portland, OR 97233","2026/06/02",1150,"2 Beds",NA
"1532 NE 21st Ave, Portland, OR 97232","2026/06/02",1450,"2 Beds",NA
"1140 SW Washington St, Portland, OR 97205","2026/06/02",1699,"Studio","Apartment"
"1140 SW Washington St, Portland, OR 97205","2026/06/02",2353,"1 Bed","Apartment"
"1140 SW Washington St, Portland, OR 97205","2026/06/02",5695,"2 Beds+","Apartment"
"615 SE 187th Ave, Portland, OR 97233","2026/06/02",1300,"2 Beds+",NA
"2503 NW Raleigh St, Portland, OR 97210","2026/06/02",1250,"2 Beds+",NA
"13409 NW Sherry St, Portland, OR 97229","2026/06/02",1495,"1 Bed","Apartment"
"13409 NW Sherry St, Portland, OR 97229","2026/06/02",1795,"2 Beds","Apartment"
"16055 SE Stark St, Portland, OR 97233","2026/06/02",1300,"2 Beds",NA
"1207 SW Broadway, Portland, OR 97205","2026/06/02",1300,"2 Beds",NA
"1459 SE Ankeny St, Portland, OR 97214","2026/06/02",2025,"2 Beds",NA
"20554 NW Lapine Way, Portland, OR 97229","2026/06/02",2225,"2 Beds","Apartment"
"20554 NW Lapine Way, Portland, OR 97229","2026/06/02",2399,"3 Beds","Apartment"
"3236 SE Harvey St, Portland, OR 97222","2026/06/02",1650,"3 Beds",NA
"3700-3703 N Williams Ave, Portland, OR 97227","2026/06/02",1450,"3 Beds",NA
"4836-4970 SW Laurelwood Dr, Portland, OR 97225","2026/06/02",1325,"1 Bed","Apartment"
"4836-4970 SW Laurelwood Dr, Portland, OR 97225","2026/06/02",1520,"2 Beds","Apartment"
"12428 NE Halsey St, Portland, OR 97230","2026/06/02",1210,"2 Beds",NA
"7400 SW Barnes Rd, Portland, OR 97225","2026/06/02",1665,"1 Bed","Apartment"
"7400 SW Barnes Rd, Portland, OR 97225","2026/06/02",1993,"2 Beds","Apartment"
"7400 SW Barnes Rd, Portland, OR 97225","2026/06/02",2349,"3 Beds","Apartment"
"135 NW 9th Ave, Portland, OR 97209","2026/06/02",1375,"Studio","Apartment"
"135 NW 9th Ave, Portland, OR 97209","2026/06/02",1560,"1 Bed","Apartment"
"135 NW 9th Ave, Portland, OR 97209","2026/06/02",2449,"2 Beds+","Apartment"
"1012 SE Lambert St, Portland, OR 97202","2026/06/02",3995,"2 Beds+",NA
"2030 NW Raleigh St, Portland, OR 97209","2026/06/02",1631,"Studio","Apartment"
"2030 NW Raleigh St, Portland, OR 97209","2026/06/02",2113,"1 Bed","Apartment"
"2030 NW Raleigh St, Portland, OR 97209","2026/06/02",3329,"2 Beds","Apartment"
"9008 NE Hassalo St, Portland, OR 97220","2026/06/02",1495,"2 Beds",NA
"21187 NW Galice Ln, Portland, OR 97229","2026/06/02",1575,"1 Bed","Apartment"
"21187 NW Galice Ln, Portland, OR 97229","2026/06/02",1625,"2 Beds","Apartment"
"21187 NW Galice Ln, Portland, OR 97229","2026/06/02",2215,"3 Beds","Apartment"
"637 SE 182nd Ave, Portland, OR 97233","2026/06/02",1150,"3 Beds",NA
"2405 N Vancouver Ave, Portland, OR 97227","2026/06/02",1195,"3 Beds",NA
"1231 NE Martin Luther King Jr Blvd, Portland, OR 97232","2026/06/02",1345,"Studio","Apartment"
"1231 NE Martin Luther King Jr Blvd, Portland, OR 97232","2026/06/02",1430,"1 Bed","Apartment"
"1231 NE Martin Luther King Jr Blvd, Portland, OR 97232","2026/06/02",1874,"2 Beds","Apartment"
"11505 NE Yacht Harbor Dr, Portland, OR 97217","2026/06/02",1505,"1 Bed","Apartment"
"11505 NE Yacht Harbor Dr, Portland, OR 97217","2026/06/02",2195,"2 Beds","Apartment"
"840-878 NE 90th Ave, Portland, OR 97220","2026/06/02",1450,"2 Beds","Apartment"
"840-878 NE 90th Ave, Portland, OR 97220","2026/06/02",1850,"3 Beds","Apartment"
"1940 NW Miller Rd, Portland, OR 97229","2026/06/02",1999,"3 Beds",NA
"8937-8961 N Westanna Ave, Portland, OR 97203","2026/06/02",1295,"1 Bed","Apartment"
"8937-8961 N Westanna Ave, Portland, OR 97203","2026/06/02",1675,"2 Beds","Apartment"
"8937-8961 N Westanna Ave, Portland, OR 97203","2026/06/02",1965,"3 Beds","Apartment"
"10550 SW Butner Rd, Portland, OR 97225","2026/06/02",1400,"1 Bed","Apartment"
"10550 SW Butner Rd, Portland, OR 97225","2026/06/02",1595,"2 Beds","Apartment"
"10550 SW Butner Rd, Portland, OR 97225","2026/06/02",1895,"3 Beds","Apartment"
"1280 Nehalem St, Portland, OR 97202","2026/06/02",1650,"3 Beds",NA
"1111 NE 122nd Ave, Portland, OR 97230","2026/06/02",1200,"1 Bed","Apartment"
"1111 NE 122nd Ave, Portland, OR 97230","2026/06/02",1350,"2 Beds","Apartment"
"1111 NE 122nd Ave, Portland, OR 97230","2026/06/02",1575,"3 Beds","Apartment"
"2631 N Mississippi Ave, Portland, OR 97227","2026/06/02",901,"3 Beds",NA
"2121 NW Savier St, Portland, OR 97210","2026/06/02",1390,"Studio","Apartment"
"2121 NW Savier St, Portland, OR 97210","2026/06/02",1910,"1 Bed","Apartment"
"2121 NW Savier St, Portland, OR 97210","2026/06/02",2712,"2 Beds","Apartment"
"1315 NW Johnson St, Portland, OR 97209","2026/06/02",1215,"2 Beds",NA
"10010-10042 SE Division St, Portland, OR 97266","2026/06/02",1199,"Studio","Apartment"
"10010-10042 SE Division St, Portland, OR 97266","2026/06/02",1649,"2 Beds","Apartment"
"4501-4537 SW Luradel St, Portland, OR 97219","2026/06/02",1500,"2 Beds",NA
"1425 SW Clay St, Portland, OR 97201","2026/06/02",1000,"Studio","Apartment"
"1425 SW Clay St, Portland, OR 97201","2026/06/02",1495,"2 Beds","Apartment"
"10728 NE Halsey St, Portland, OR 97220","2026/06/02",1250,"1 Bed","Apartment"
"10728 NE Halsey St, Portland, OR 97220","2026/06/02",1325,"2 Beds","Apartment"
"10728 NE Halsey St, Portland, OR 97220","2026/06/02",2200,"3 Beds","Apartment"
"2005 N Williams Ave, Portland, OR 97227","2026/06/02",1205,"Studio","Apartment"
"2005 N Williams Ave, Portland, OR 97227","2026/06/02",1605,"1 Bed","Apartment"
"2005 N Williams Ave, Portland, OR 97227","2026/06/02",1860,"2 Beds","Apartment"
"11850 SE 26th Ave, Portland, OR 97222","2026/06/02",1425,"2 Beds",NA
"6920 SW 92ND Ave, Portland, OR 97223","2026/06/02",1750,"2 Beds",NA
"3225 NE Martin Luther King Jr Blvd, Portland, OR 97212","2026/06/02",1475,"2 Beds",NA
"312 NE Monroe St, Portland, OR 97212","2026/06/02",1800,"2 Beds",NA
"1315 NW 19th Ave, Portland, OR 97209","2026/06/02",1400,"Studio","Apartment"
"1315 NW 19th Ave, Portland, OR 97209","2026/06/02",1550,"1 Bed","Apartment"
"1315 NW 19th Ave, Portland, OR 97209","2026/06/02",2570,"2 Beds","Apartment"
"7828 SE Aspen Summit Dr, Portland, OR 97266","2026/06/02",1484,"1 Bed","Apartment"
"7828 SE Aspen Summit Dr, Portland, OR 97266","2026/06/02",1699,"2 Beds","Apartment"
"7828 SE Aspen Summit Dr, Portland, OR 97266","2026/06/02",2078,"3 Beds","Apartment"
"8660 N Columbia Blvd, Portland, OR 97203","2026/06/02",1289,"1 Bed","Apartment"
"8660 N Columbia Blvd, Portland, OR 97203","2026/06/02",1489,"2 Beds","Apartment"
"8660 N Columbia Blvd, Portland, OR 97203","2026/06/02",1832,"3 Beds","Apartment"
"19025 SE Yamhill St, Portland, OR 97233","2026/06/02",1375,"1 Bed","Apartment"
"19025 SE Yamhill St, Portland, OR 97233","2026/06/02",1550,"2 Beds","Apartment"
"235 SE 165th Ave, Portland, OR 97233","2026/06/02",1250,"2 Beds",NA
"4141 N Williams Ave, Portland, OR 97217","2026/06/02",1500,"1 Bed","Apartment"
"4141 N Williams Ave, Portland, OR 97217","2026/06/02",2749,"2 Beds","Apartment"
"1177 SE Stark St, Portland, OR 97214","2026/06/02",1118,"Studio","Apartment"
"1177 SE Stark St, Portland, OR 97214","2026/06/02",1260,"1 Bed","Apartment"
"16124 SE Alder St, Portland, OR 97233","2026/06/02",1050,"Studio","Apartment"
"16124 SE Alder St, Portland, OR 97233","2026/06/02",1050,"1 Bed","Apartment"
"8320 NE Sandy Blvd, Portland, OR 97220","2026/06/02",1295,"1 Bed","Apartment"
"8320 NE Sandy Blvd, Portland, OR 97220","2026/06/02",1550,"2 Beds","Apartment"
"23 NE 162nd Ave, Portland, OR 97230","2026/06/02",1300,"2 Beds",NA
"16000 SE Alder St, Portland, OR 97233","2026/06/02",1050,"2 Beds",NA
"12026 SE Ash St, Portland, OR 97216","2026/06/02",1100,"1 Bed","Apartment"
"12026 SE Ash St, Portland, OR 97216","2026/06/02",1200,"2 Beds","Apartment"
"304 NE Multnomah St, Portland, OR 97232","2026/06/02",1275,"Studio","Apartment"
"304 NE Multnomah St, Portland, OR 97232","2026/06/02",1399,"1 Bed","Apartment"
"222 SE 143rd Ave, Portland, OR 97233","2026/06/02",1050,"1 Bed",NA
"8780-8990 N Columbia Blvd, Portland, OR 97203","2026/06/02",1185,"1 Bed","Apartment"
"8780-8990 N Columbia Blvd, Portland, OR 97203","2026/06/02",1395,"2 Beds","Apartment"
"8780-8990 N Columbia Blvd, Portland, OR 97203","2026/06/02",1655,"3 Beds","Apartment"
"3410-3532 SE 33rd Ave, Portland, OR 97202","2026/06/02",1375,"1 Bed","Apartment"
"3410-3532 SE 33rd Ave, Portland, OR 97202","2026/06/02",1665,"2 Beds","Apartment"
NA,NA,NA,NA,NA
"717 SE 187th Ave, Portland, OR 97233","2026/06/02",1375,"2 Beds",NA
"2926 SW 4th Ave, Portland, OR 97239","2026/06/02",1200,"Studio","Apartment"
"2926 SW 4th Ave, Portland, OR 97239","2026/06/02",1450,"1 Bed","Apartment"
"2306 SE 158th Ave, Portland, OR 97233","2026/06/02",1350,"1 Bed",NA
"12370 SE Ash St, Portland, OR 97233","2026/06/02",1001,"Studio","Apartment"
"12370 SE Ash St, Portland, OR 97233","2026/06/02",1163,"1 Bed","Apartment"
"12370 SE Ash St, Portland, OR 97233","2026/06/02",1396,"2 Beds","Apartment"
"4436 SW Alfred St, Portland, OR 97219","2026/06/02",1450,"2 Beds",NA
"12450 NW Barnes Rd, Portland, OR 97229","2026/06/02",1379,"1 Bed","Apartment"
"12450 NW Barnes Rd, Portland, OR 97229","2026/06/02",1575,"2 Beds","Apartment"
"12450 NW Barnes Rd, Portland, OR 97229","2026/06/02",2099,"3 Beds","Apartment"
"17014-17062 NE Halsey St, Portland, OR 97230","2026/06/02",1215,"1 Bed","Apartment"
"17014-17062 NE Halsey St, Portland, OR 97230","2026/06/02",1245,"2 Beds","Apartment"
"17014-17062 NE Halsey St, Portland, OR 97230","2026/06/02",1550,"3 Beds","Apartment"
"3014 SE 8th Ave, Portland, OR 97202","2026/06/02",1015,"Studio","Apartment"
"3014 SE 8th Ave, Portland, OR 97202","2026/06/02",1215,"1 Bed","Apartment"
NA,NA,NA,NA,NA
"1136 NE 181st Ave, Portland, OR 97230","2026/06/02",1099,"1 Bed","Apartment"
"1136 NE 181st Ave, Portland, OR 97230","2026/06/02",1299,"2 Beds","Apartment"
"121 SE 146th Ave, Portland, OR 97233","2026/06/02",1050,"Studio","Apartment"
"121 SE 146th Ave, Portland, OR 97233","2026/06/02",1150,"1 Bed","Apartment"
"740 NE 53rd Ave, Portland, OR 97213","2026/06/02",935,"Studio","Apartment"
"740 NE 53rd Ave, Portland, OR 97213","2026/06/02",1150,"1 Bed","Apartment"
"740 NE 53rd Ave, Portland, OR 97213","2026/06/02",1325,"2 Beds","Apartment"
"1801 NE 162nd Ave, Portland, OR 97230","2026/06/02",1150,"1 Bed","Apartment"
"1801 NE 162nd Ave, Portland, OR 97230","2026/06/02",1295,"2 Beds","Apartment"
NA,NA,NA,NA,NA
"1880 SW 5th Ave, Portland, OR 97201","2026/06/02",1025,"1 Bed","Apartment"
"1880 SW 5th Ave, Portland, OR 97201","2026/06/02",1595,"2 Beds","Apartment"
"1550 SE 20th Ave, Portland, OR 97214","2026/06/02",1525,"1 Bed","Apartment"
"1550 SE 20th Ave, Portland, OR 97214","2026/06/02",2550,"2 Beds","Apartment"
"4611-4631 SW Luradel St, Portland, OR 97219","2026/06/02",1295,"1 Bed","Apartment"
"4611-4631 SW Luradel St, Portland, OR 97219","2026/06/02",1495,"2 Beds","Apartment"
"2955 NE Martin Luther King Jr Blvd, Portland, OR 97212","2026/06/02",1400,"2 Beds",NA
"405 NE Mason St, Portland, OR 97211","2026/06/02",1225,"Studio","Apartment"
"405 NE Mason St, Portland, OR 97211","2026/06/02",1250,"1 Bed","Apartment"
"2175 NW Davis St, Portland, OR 97210","2026/06/02",1675,"1 Bed",NA
"5680 N Montana Ave, Portland, OR 97217","2026/06/02",995,"Studio","Apartment"
"5680 N Montana Ave, Portland, OR 97217","2026/06/02",1295,"1 Bed","Apartment"
"5680 N Montana Ave, Portland, OR 97217","2026/06/02",1800,"2 Beds","Apartment"
"12475 SE Powell Blvd, Portland, OR 97236","2026/06/02",1025,"1 Bed","Apartment"
"12475 SE Powell Blvd, Portland, OR 97236","2026/06/02",1150,"2 Beds","Apartment"
"12475 SE Powell Blvd, Portland, OR 97236","2026/06/02",1550,"3 Beds","Apartment"
"1110 SW Clay St, Portland, OR 97201","2026/06/02",999,"Studio","Apartment"
"1110 SW Clay St, Portland, OR 97201","2026/06/02",1100,"1 Bed","Apartment"
"803 SW Morrison St, Portland, OR 97205","2026/06/02",875,"1 Bed","Room"
"620-646 SE 174th Ave, Portland, OR 97233","2026/06/02",1295,"1 Bed","Room"
"3612 SE 28th Pl, Portland, OR 97202","2026/06/02",1350,"1 Bed","Apartment"
"3612 SE 28th Pl, Portland, OR 97202","2026/06/02",1400,"2 Beds","Apartment"
"680 NW 18th Ave, Portland, OR 97209","2026/06/02",949,"2 Beds","Room"
"1330 SW 3rd Ave, Portland, OR 97201","2026/06/02",1408,"1 Bed","Apartment"
"1330 SW 3rd Ave, Portland, OR 97201","2026/06/02",2279,"2 Beds","Apartment"
"2222 NW Raleigh St, Portland, OR 97210","2026/06/02",1592,"Studio","Apartment"
"2222 NW Raleigh St, Portland, OR 97210","2026/06/02",1956,"1 Bed","Apartment"
"2222 NW Raleigh St, Portland, OR 97210","2026/06/02",3048,"2 Beds","Apartment"
"1240 SW Columbia St, Portland, OR 97201","2026/06/02",900,"Studio","Apartment"
"1240 SW Columbia St, Portland, OR 97201","2026/06/02",1100,"1 Bed","Apartment"
"1415 SE Pardee St, Portland, OR 97202","2026/06/02",1809,"1 Bed","Room"
"1529 NE 21st Ave, Portland, OR 97232","2026/06/02",1030,"1 Bed","Room"
"1450 SW Jefferson St, Portland, OR 97201","2026/06/02",1027,"1 Bed","Apartment"
"1450 SW Jefferson St, Portland, OR 97201","2026/06/02",1226,"2 Beds","Apartment"
"222 SW Pine St, Portland, OR 97204","2026/06/02",869,"Studio","Apartment"
"222 SW Pine St, Portland, OR 97204","2026/06/02",1099,"1 Bed","Apartment"
"1610 NE 66th Ave, Portland, OR 97213","2026/06/02",1199,"1 Bed","Room"
"929 SW Salmon St, Portland, OR 97205","2026/06/02",860,"1 Bed","Room"
"6331 SW Canyon Ct, Portland, OR 97221","2026/06/02",1075,"Studio","Apartment"
"6331 SW Canyon Ct, Portland, OR 97221","2026/06/02",1399,"1 Bed","Apartment"
"16677 NE Russell St, Portland, OR 97230","2026/06/02",1195,"1 Bed","Apartment"
"16677 NE Russell St, Portland, OR 97230","2026/06/02",1495,"2 Beds","Apartment"
"0650 S Lowell St, Portland, OR 97239","2026/06/02",1018,"Studio","Apartment"
"0650 S Lowell St, Portland, OR 97239","2026/06/02",1102,"1 Bed","Apartment"
"0650 S Lowell St, Portland, OR 97239","2026/06/02",1290,"2 Beds","Apartment"
"101 N Morris St, Portland, OR 97227","2026/06/02",925,"2 Beds","Room"
"5800 NE Center Commons Way, Portland, OR 97213","2026/06/02",1051,"1 Bed","Apartment"
"5800 NE Center Commons Way, Portland, OR 97213","2026/06/02",1475,"2 Beds","Apartment"
"950 SW 21st Ave, Portland, OR 97205","2026/06/02",1000,"Studio","Apartment"
"950 SW 21st Ave, Portland, OR 97205","2026/06/02",1325,"1 Bed","Apartment"
"950 SW 21st Ave, Portland, OR 97205","2026/06/02",2045,"2 Beds","Apartment"
"1721 SE Tacoma St, Portland, OR 97202","2026/06/02",1075,"Studio","Apartment"
"1721 SE Tacoma St, Portland, OR 97202","2026/06/02",1595,"2 Beds","Apartment"
"10638 SW Capitol Hwy, Portland, OR 97219","2026/06/02",1250,"1 Bed","Apartment"
"10638 SW Capitol Hwy, Portland, OR 97219","2026/06/02",1450,"2 Beds","Apartment"
"14775 NE Couch St, Portland, OR 97230","2026/06/02",995,"1 Bed","Apartment"
"14775 NE Couch St, Portland, OR 97230","2026/06/02",1500,"2 Beds","Apartment"
"1212 SW Clay St, Portland, OR 97201","2026/06/02",789,"Studio","Apartment"
"1212 SW Clay St, Portland, OR 97201","2026/06/02",1292,"1 Bed","Apartment"
"2133 N Argyle St, Portland, OR 97217","2026/06/02",1012,"1 Bed","Apartment"
"2133 N Argyle St, Portland, OR 97217","2026/06/02",1271,"2 Beds","Apartment"
"2133 N Argyle St, Portland, OR 97217","2026/06/02",1466,"3 Beds","Apartment"
"16145 NW Spartan Way, Portland, OR 97229","2026/06/02",1150,"1 Bed","Apartment"
"16145 NW Spartan Way, Portland, OR 97229","2026/06/02",1345,"2 Beds","Apartment"
"205-217 NW Couch St, Portland, OR 97209","2026/06/02",649,"2 Beds","Room"
"515 NE Holladay St, Portland, OR 97232","2026/06/02",999,"Studio","Apartment"
"515 NE Holladay St, Portland, OR 97232","2026/06/02",1099,"1 Bed","Apartment"
"515 NE Holladay St, Portland, OR 97232","2026/06/02",1226,"2 Beds","Apartment"
"9777 NE Glisan St, Portland, OR 97220","2026/06/02",1348,"Studio","Apartment"
"9777 NE Glisan St, Portland, OR 97220","2026/06/02",1444,"1 Bed","Apartment"
"9777 NE Glisan St, Portland, OR 97220","2026/06/02",1732,"2 Beds","Apartment"
"500 W Columbia Way, Vancouver, WA 98660","2026/06/02",2204,"1 Bed","Apartment"
"500 W Columbia Way, Vancouver, WA 98660","2026/06/02",4136,"2 Beds","Apartment"
"12375 Mt Jefferson Ter, Lake Oswego, OR 97035","2026/06/02",1525,"1 Bed","Apartment"
"12375 Mt Jefferson Ter, Lake Oswego, OR 97035","2026/06/02",1999,"2 Beds","Apartment"
"5300 Parkview Dr, Lake Oswego, OR 97035","2026/06/02",1825,"1 Bed","Apartment"
"5300 Parkview Dr, Lake Oswego, OR 97035","2026/06/02",2300,"2 Beds","Apartment"
"12320 SW 72nd Ave, Tigard, OR 97223","2026/06/02",1350,"1 Bed","Apartment"
"12320 SW 72nd Ave, Tigard, OR 97223","2026/06/02",1750,"2 Beds","Apartment"
"608 Washington St, Vancouver, WA 98660","2026/06/02",1651,"Studio","Apartment"
"608 Washington St, Vancouver, WA 98660","2026/06/02",1625,"1 Bed","Apartment"
"608 Washington St, Vancouver, WA 98660","2026/06/02",2287,"2 Beds","Apartment"
"555 W 8th St, Vancouver, WA 98660","2026/06/02",1335,"1 Bed","Apartment"
"555 W 8th St, Vancouver, WA 98660","2026/06/02",1630,"2 Beds","Apartment"
"555 W 8th St, Vancouver, WA 98660","2026/06/02",1995,"3 Beds","Apartment"
"6823 SW Clinton St, Tigard, OR 97223","2026/06/02",1216,"1 Bed","Apartment"
"6823 SW Clinton St, Tigard, OR 97223","2026/06/02",1457,"2 Beds","Apartment"
"6823 SW Clinton St, Tigard, OR 97223","2026/06/02",1806,"3 Beds","Apartment"
"1730 SE 35th Pl, Portland, OR 97214","2026/06/02",685,"3 Beds","Room"
"2371 SW Montgomery Dr, Portland, OR 97201","2026/06/02",700,"3 Beds","Room"
"4320 SE Holgate Blvd, Portland, OR 97206","2026/06/02",595,"3 Beds","Room"
"5418 NE 25th Ave, Portland, OR 97211","2026/06/02",730,"3 Beds","Room"
"4833 NE 11th Ave, Portland, OR 97211","2026/06/02",645,"3 Beds","Room"
"5324 N Maryland Ave, Portland, OR 97217","2026/06/02",625,"3 Beds","Room"
"4713 N Willamette Blvd, Portland, OR 97203","2026/06/02",910,"3 Beds","Room"
"5103 NE 7th Ave, Portland, OR 97211","2026/06/02",615,"3 Beds","Room"
"1936 SE Insley St, Portland, OR 97202","2026/06/02",680,"3 Beds","Room"
"6961 N Stanford Ave, Portland, OR 97203","2026/06/02",3300,"3 Beds","Room"
"3013 NE 181st Ave, Portland, OR 97230","2026/06/02",2510,"3 Beds","Room"
"1215 N Hayden Meadows Dr, Portland, OR 97217","2026/06/02",2910,"3 Beds","Room"
"16131 SE Powell Blvd, Portland, OR 97236","2026/06/02",2650,"3 Beds, 2 Baths, 1,400 sq ft","Room"
NA,NA,NA,NA,NA
"6630-6640 SW Capitol Hwy, Portland, OR 97219","2026/06/02",1350,"Lancaster Apartments","Room"
"8924 SW 30th Ave, Portland, OR 97219","2026/06/02",1795,"Barbur Place BP-675","Room"
"10730 NE Wygant St, Portland, OR 97220","2026/06/02",1795,"Wygant Apartments","Room"
"8737-8807 SE Flavel St, Portland, OR 97266","2026/06/02",2095,"Spring Creek Trail","Room"
"7400 SE Milwaukie Ave, Portland, OR 97202","2026/06/02",1540,"Galaxie at Sellwood","Room"
"1607 NW Davis St, Portland, OR 97209","2026/06/02",1295,"1607 Apartments","Room"
"6061 N Fessenden, Portland, OR 97203","2026/06/02",1495,"Park Place North Apartments","Room"
"8820 N Ivanhoe St, Portland, OR 97203","2026/06/02",1200,"Cathedral Park Apartments","Room"
"4820 S Corbett Ave, Portland, OR 97239","2026/06/02",4200,"Sophia's View — Condo-Style 2BR/2BA Flats & Townhomes in South Portland","Room"
"2641-2645 SW Spring Garden St, Portland, OR 97219","2026/06/02",1285,"Spring Terrace","Room"
NA,NA,NA,NA,NA
"436 NE Stafford St, Portland, OR 97211","2026/06/02",1295,"436 NE Stafford St","Room"
NA,NA,NA,NA,NA
NA,NA,NA,NA,NA
"17675 SE Pine St, Portland, OR 97233","2026/06/02",1107,"1 Bed","Apartment"
"17675 SE Pine St, Portland, OR 97233","2026/06/02",1199,"2 Beds","Apartment"
NA,NA,NA,NA,NA
"9050 NE Hoyt St, Portland, OR 97220","2026/06/02",1250,"Hoyt Manor","Room"
"2065 NW Flanders St, Portland, OR 97209","2026/06/02",1100,"Twenty 65 Apartments","Room"
"9730 SW 35th Dr, Portland, OR 97219","2026/06/02",1125,"Indian Hills Apartments","Room"
"123-229 SE 97th Ave, Portland, OR 97216","2026/06/02",1295,"Eastgate Apartments","Room"
"2440-2468 SE 87th Ave, Portland, OR 97216","2026/06/02",1099,"1 Bed","Apartment"
"2440-2468 SE 87th Ave, Portland, OR 97216","2026/06/02",1400,"2 Beds","Apartment"
"6015 N Interstate Ave, Portland, OR 97217","2026/06/02",1402,"Unit 529 at ArLo","Room"
"SW Corbett Ave, Portland, OR 97239","2026/06/02",1350,"Studio","Apartment"
"SW Corbett Ave, Portland, OR 97239","2026/06/02",1699,"1 Bed","Apartment"
"6210 SW Ponoma St, Portland, OR 97219","2026/06/02",1270,"#306 WOODSIDE VISTA","Room"
"13400 NW Cornell Rd, Portland, OR 97229","2026/06/02",1069,"1 Bed","Apartment"
"13400 NW Cornell Rd, Portland, OR 97229","2026/06/02",1557,"2 Beds","Apartment"
"13400 NW Cornell Rd, Portland, OR 97229","2026/06/02",1837,"3 Beds","Apartment"
"11855 SW 91ST Ave, Portland, OR 97223","2026/06/02",1240,"2 Beds","Apartment"
"11855 SW 91ST Ave, Portland, OR 97223","2026/06/02",1558,"3 Beds","Apartment"
"17101 SE Division St, Portland, OR 97233","2026/06/02",985,"1 Bed","Apartment"
"17101 SE Division St, Portland, OR 97233","2026/06/02",1130,"2 Beds","Apartment"
"2070 NW Quimby St, Portland, OR 97209","2026/06/02",2900,"Unit 161 at Slabtown Square","Room"
"4204-4232 SE Cesar E Chavez Blvd, Portland, OR 97202","2026/06/02",1425,"4204 - 4232 SE Cesar E Chavez Blvd",NA
"6627-6645 SW Terri Ct, Portland, OR 97225","2026/06/02",1495,"Terri Court Apartments",NA
"3850 N Mississippi Ave, Portland, OR 97227","2026/06/02",1672,"1 Bed","Apartment"
"3850 N Mississippi Ave, Portland, OR 97227","2026/06/02",2673,"2 Beds","Apartment"
"11710-11714 SE Powell Blvd, Portland, OR 97266","2026/06/02",1250,"hamar03",NA
"19511 NE Halsey St, Portland, OR 97230","2026/06/02",1495,"Fircrest Apartments 1159-F",NA
"3650 SE 29th Ave, Portland, OR 97202","2026/06/02",1485,"Unit 1402 at Sunshine Portland",NA
"1514 N Emerson St, Portland, OR 97217","2026/06/02",1250,"MF 15 - N. Emerson",NA
"11785 NW Timberview Ln, Portland, OR 97229","2026/06/02",1696,"1 Bed","Apartment"
"11785 NW Timberview Ln, Portland, OR 97229","2026/06/02",1857,"2 Beds","Apartment"
"10332 NE Oregon St, Portland, OR 97220","2026/06/02",1495,"Gateway Crossing",NA
"4620 N Maryland Ave, Portland, OR 97217","2026/06/02",1395,"Savona Apartments",NA
"717-735 SE Morrison St, Portland, OR 97214","2026/06/02",1050,"The Morrison",NA
"5620 N Interstate Ave, Portland, OR 97217","2026/06/02",1749,"Unit 314 at Nomad Apartments",NA
NA,NA,NA,NA,NA
"131-149 SE 151st Ave, Portland, OR 97233","2026/06/02",1050,"1 Bed","Apartment"
"131-149 SE 151st Ave, Portland, OR 97233","2026/06/02",1150,"2 Beds","Apartment"
"1020 SE 60th Ave, Portland, OR 97215","2026/06/02",1025,"Tabor Commons",NA
"1611 NW Lovejoy St, Portland, OR 97209","2026/06/02",999,"Midtown East",NA
"12247 NW Cornell Rd, Portland, OR 97229","2026/06/02",1625,"CEDAR MILL VILLAGE APARTMENTS",NA
"10 NE 162nd Ave, Portland, OR 97230","2026/06/02",1175,"1 Bed","Apartment"
"10 NE 162nd Ave, Portland, OR 97230","2026/06/02",1295,"2 Beds","Apartment"
NA,NA,NA,NA,NA
"4326 N Mississippi Ave, Portland, OR 97217","2026/06/02",1250,"The Roux",NA
"8130 SE Woodward St, Portland, OR 97206","2026/06/02",1199,"MF 17 - SE Woodward",NA
"1730 NW Couch St, Portland, OR 97209","2026/06/02",1315,"Casa Del Rey",NA
"1640 SW Yamhill St, Portland, OR 97205","2026/06/02",2475,"Unit 310 at Byline",NA
"4008-4140 SE 174th Ave, Portland, OR 97236","2026/06/02",1495,"Foothills Apartments",NA
"1755 NW Kearney St, Portland, OR 97209","2026/06/02",1394,"Studio","Apartment"
"1755 NW Kearney St, Portland, OR 97209","2026/06/02",1449,"1 Bed","Apartment"
"1755 NW Kearney St, Portland, OR 97209","2026/06/02",2899,"2 Beds","Apartment"
"6105 SE Cora St, Portland, OR 97206","2026/06/02",1195,"Kern Lofts",NA
"6310 N Maryland Ave, Portland, OR 97217","2026/06/02",1199,"Studio","Apartment"
"6310 N Maryland Ave, Portland, OR 97217","2026/06/02",1849,"2 Beds","Apartment"
"3816 N Michigan Ave, Portland, OR 97227","2026/06/02",1150,"The Village Coliving Community",NA
"1524 N Sumner St, Portland, OR 97217","2026/06/02",1495,"MF 16 - N. Sumner",NA
"1235 N Prescott St, Portland, OR 97217","2026/06/02",875,"The Outpost",NA
"4820 SW Barbur Blvd, Portland, OR 97239","2026/06/02",1600,"Town & Country Apartments",NA
"1505 N Humboldt St, Portland, OR 97217","2026/06/02",1595,"1505 N Humboldt St",NA
"6005 SE 51st Ave, Portland, OR 97206","2026/06/02",1900,"The Stock",NA
"8778 N Columbia Blvd, Portland, OR 97203","2026/06/02",1250,"Parkside Commons",NA
"16916-16936 SE Powell Blvd, Portland, OR 97236","2026/06/02",1495,"Powell Court",NA
"1620 SE 39th Ave, Portland, OR 97214","2026/06/02",1260,"MF 11 - Cedarhurst Village Apartments",NA
"1009 NE 47th Ave, Portland, OR 97213","2026/06/02",1200,"Laurelwood Apartments",NA
"1380 SW 66th Ave, Portland, OR 97225","2026/06/02",1025,"Studio","Apartment"
"1380 SW 66th Ave, Portland, OR 97225","2026/06/02",1275,"1 Bed","Apartment"
"1380 SW 66th Ave, Portland, OR 97225","2026/06/02",1675,"2 Beds","Apartment"
"2881-2903 SE Francis St, Portland, OR 97202","2026/06/02",1245,"Hunter's Ridge Apartments",NA
"4525 N Albina Ave, Portland, OR 97217","2026/06/02",1400,"Ellis Flats",NA
"13210 SE Division St, Portland, OR 97236","2026/06/02",1495,"Wetherburne Square Townhomes","Apartment"
"5419 SE Woodstock Blvd, Portland, OR 97206","2026/06/02",1450,"54 Woodstock Apartments~ Great Location ~Vibrant Neighborhood","Apartment"
"9801 NE Glisan St, Portland, OR 97220","2026/06/02",1695,"Cape Manor","Apartment"
"8408-8428 N Brandon Ave, Portland, OR 97217","2026/06/02",950,"Studio","Apartment"
"8408-8428 N Brandon Ave, Portland, OR 97217","2026/06/02",1350,"1 Bed","Apartment"
"8408-8428 N Brandon Ave, Portland, OR 97217","2026/06/02",1450,"2 Beds","Apartment"
"600 NE 100th Ave, Portland, OR 97220","2026/06/02",1208,"1 Bed","Apartment"
"600 NE 100th Ave, Portland, OR 97220","2026/06/02",1439,"2 Beds","Apartment"
"600 NE 100th Ave, Portland, OR 97220","2026/06/02",1650,"3 Beds","Apartment"
"2255 W Burnside St, Portland, OR 97210","2026/06/02",948,"Studio","Apartment"
"2255 W Burnside St, Portland, OR 97210","2026/06/02",998,"1 Bed","Apartment"
"6723 NE Killingsworth St, Portland, OR 97218","2026/06/02",619,"Studio","Apartment"
"6723 NE Killingsworth St, Portland, OR 97218","2026/06/02",698,"1 Bed","Apartment"
"6723 NE Killingsworth St, Portland, OR 97218","2026/06/02",837,"2 Beds+","Apartment"
"13301 SW 72nd Ave, Tigard, OR 97223","2026/06/02",1425,"1 Bed","Apartment"
"13301 SW 72nd Ave, Tigard, OR 97223","2026/06/02",1750,"2 Beds","Apartment"
"8810 SE Otty Rd, Happy Valley, OR 97086","2026/06/02",922,"1 Bed","Apartment"
"8810 SE Otty Rd, Happy Valley, OR 97086","2026/06/02",1092,"2 Beds","Apartment"
"8810 SE Otty Rd, Happy Valley, OR 97086","2026/06/02",1757,"3 Beds","Apartment"
NA,NA,NA,NA,NA
NA,NA,NA,NA,NA
NA,NA,NA,NA,NA
NA,NA,NA,NA,NA
NA,NA,NA,NA,NA
NA,NA,NA,NA,NA
NA,NA,NA,NA,NA
NA,NA,NA,NA,NA
NA,NA,NA,NA,NA
"4622 NE Garfield Ave. Unit SI ID1309897P, Portland, OR 97211","2026/06/02",11521,"4 Beds, 3 Baths, 2,497 sq ft","Apartment"
NA,NA,NA,NA,NA
NA,NA,NA,NA,NA
"18 NW 22nd Pl Unit SI ID1309857P, Portland, OR 97210","2026/06/02",11834,"4 Beds, 2 Baths, 1,754 sq ft","Apartment"
NA,NA,NA,NA,NA
NA,NA,NA,NA,NA
NA,NA,NA,NA,NA
NA,NA,NA,NA,NA
NA,NA,NA,NA,NA
NA,NA,NA,NA,NA
NA,NA,NA,NA,NA
NA,NA,NA,NA,NA
NA,NA,NA,NA,NA
NA,NA,NA,NA,NA
NA,NA,NA,NA,NA
NA,NA,NA,NA,NA
NA,NA,NA,NA,NA
"3820 SE Belmont St Unit SI ID1309865P, Portland, OR 97214","2026/06/02",10250,"4 Beds, 2 Baths, 1,679 sq ft","Apartment"
NA,NA,NA,NA,NA
NA,NA,NA,NA,NA
NA,NA,NA,NA,NA
NA,NA,NA,NA,NA
NA,NA,NA,NA,NA
"1550 NW Naito Pkwy, Portland, OR 97209","2026/06/02",2322,"","Apartment"
NA,NA,NA,NA,NA
NA,NA,NA,NA,NA
"838 SE Tacoma St Unit SI ID1471544P, Portland, OR 97202","2026/06/02",3846,"2 Beds, 1 Bath","Apartment"
"5248 SE Stark St Unit SI ID1471542P, Portland, OR 97215","2026/06/02",12856,"Studio, 1 Bath","Apartment"
NA,NA,NA,NA,NA
NA,NA,NA,NA,NA
NA,NA,NA,NA,NA
NA,NA,NA,NA,NA
"5704 SW Beaverton Hillsdale Hwy, Portland, OR 97221","2026/06/02",1395,"1 Bed","Apartment"
"2257 SE 43rd Ave, Portland, OR 97215","2026/06/02",2745,"3 Beds","Apartment"
NA,NA,NA,NA,NA
"4609-4609 NE Killingsworth St, Portland, OR 97218","2026/06/02",1250,"1 Bed","Apartment"
"10535-10535 NE Fremont St, Portland, OR 97220","2026/06/02",1350,"2 Beds","Apartment"
"3620-3628-3628 NE 45th Ave, Portland, OR 97213","2026/06/02",2595,"3 Beds","Apartment"
"11102-11130 SW 62nd Ave, Portland, OR 97219","2026/06/02",1295,"2 Beds","Apartment"
"2234-2238-2238 SW Vista Ave, Portland, OR 97201","2026/06/02",1275,"1 Bed","Apartment"
"8417 SW 24th Ave, Portland, OR 97219","2026/06/02",1375,"1 Bed","Apartment"
"408 NW 12th Ave, Portland, OR 97209","2026/06/02",1595,"Studio","Apartment"
"4110-4116-4116 N Willis Blvd, Portland, OR 97203","2026/06/02",1495,"2 Beds","Apartment"
"1710 S Harbor Way, Portland, OR 97201","2026/06/02",2295,"2 Beds","Apartment"
"7937-7937 N Fessenden St, Portland, OR 97203","2026/06/02",1945,"3 Beds","Apartment"
"2639-2639 SE 119th Ave, Portland, OR 97266","2026/06/02",1395,"2 Beds","Apartment"
"1480 N Jarrett St, Portland, OR 97217","2026/06/02",1095,"1 Bed","Apartment"
"5715 N Greeley Ave, Portland, OR 97217","2026/06/02",2195,"2 Beds","Apartment"
"2817 NE 19th Ave, Portland, OR 97212","2026/06/02",5495,"4 Beds","Apartment"
"1483 NE Going St, Portland, OR 97211","2026/06/02",1600,"1 Bed","Apartment"
NA,NA,NA,NA,NA
"8401 NE Going Pl, Portland, OR 97220","2026/06/02",2445,"3 Beds","House"
"7312-7334 N Lancaster Ave, Portland, OR 97217","2026/06/02",1195,"1 Bed","House"
"4222 SE Holgate Blvd, Portland, OR 97206","2026/06/02",1795,"2 Beds","House"
"6155 N Minnesota Ave, Portland, OR 97217","2026/06/02",1395,"1 Bed","House"
"1521-1521 NE 22nd Ave, Portland, OR 97232","2026/06/02",2100,"3 Beds","House"
NA,NA,NA,NA,NA
"4232-4232 SE Cesar Estrada Chavez Blvd, Portland, OR 97202","2026/06/02",1425,"1 Bed","House"
"3418-3418 S Kelly Ave, Portland, OR 97239","2026/06/02",1000,"1 Bed","House"
"18245 E Burnside St, Portland, OR 97233","2026/06/02",1450,"2 Beds","House"
"3507 SW 11th Ave, Portland, OR 97239","2026/06/02",1275,"1 Bed","House"
"1942-1956-1956 NE Tillamook St, Portland, OR 97212","2026/06/02",1500,"2 Beds","House"
NA,NA,NA,NA,NA
"3601 S River Pkwy, Portland, OR 97239","2026/06/02",1900,"1 Bed","House"
"1943 NW Irving St, Portland, OR 97209","2026/06/02",1295,"1 Bed","House"
"3625 NE 14th Ave, Portland, OR 97212","2026/06/02",4145,"3 Beds","House"
"1280 SE Nehalem St, Portland, OR 97202","2026/06/02",1495,"Studio","House"
"2919 SE Division St, Portland, OR 97202","2026/06/02",1395,"1 Bed","House"
"9233 SW Brier Pl, Portland, OR 97219","2026/06/02",2595,"2 Beds","House"
"4609-4609 NE Killingsworth St, Portland, OR 97218","2026/06/02",1795,"3 Beds","House"
"10722 NE 5th Ave, Portland, OR 97211","2026/06/02",2495,"2 Beds","House"
"2658-2658 SE 125th Ave, Portland, OR 97236","2026/06/02",2345,"3 Beds","House"
"2406 NW Overton St, Portland, OR 97210","2026/06/02",2445,"1 Bed","House"
"3021 SE 43rd Ave, Portland, OR 97206","2026/06/02",2850,"2 Beds","House"
"1940 SE 80th Ave, Portland, OR 97215","2026/06/02",1350,"2 Beds","House"
"16964 SE Stark St, Portland, OR 97233","2026/06/02",1250,"2 Beds","House"
"7434 SE Duke St, Portland, OR 97206","2026/06/02",1600,"2 Beds","House"
"5515 N Syracuse St, Portland, OR 97203","2026/06/02",2573,"2 Beds","House"
"5435 N Columbia Blvd, Portland, OR 97203","2026/06/02",2500,"2 Beds","House"
"5264 N Willis Blvd, Portland, OR 97203","2026/06/02",4550,"4 Beds","House"
"15110 SE Evergreen Dr, Portland, OR 97236","2026/06/02",3400,"4 Beds","House"
"5515 N Syracuse St, Portland, OR 97203","2026/06/02",1450,"1 Bed","House"
"5515 N Syracuse St, Portland, OR 97203","2026/06/02",1200,"1 Bed","House"
"3100 SE 122nd Ave, Portland, OR 97236","2026/06/02",975,"1 Bed","House"
"7703 N Hereford Ave, Portland, OR 97203","2026/06/02",740,"1 Bed","House"
"5204 N Harvard St, Portland, OR 97203","2026/06/02",825,"1 Bed","House"
"3332 SE 157th Ave, Portland, OR 97236","2026/06/02",2495,"3 Beds","House"
"4547 NW Tumalo Ct, Portland, OR 97229","2026/06/02",2774,"3 Beds","House"
"7109 SE Martins St, Portland, OR 97206","2026/06/02",2350,"3 Beds","House"
"4451 SE 117th Ave, Portland, OR 97266","2026/06/02",2500,"2 Beds","House"
"7720 S Macadam Ave, Portland, OR 97219","2026/06/02",8500,"2 Beds","House"
"2109 NW Irving St, Portland, OR 97210","2026/06/02",1500,"1 Bed","House"
"8605 N Hurst Ave, Portland, OR 97203","2026/06/02",1900,"2 Beds","House"
"6110 NE Willow St, Portland, OR 97213","2026/06/02",1795,"2 Beds","House"
"6110 NE Willow St, Portland, OR 97213","2026/06/02",1449,"1 Bed, 1 Bath, 585 sq ft","House"
"3044 NE 53rd Ave, Portland, OR 97213","2026/06/02",4250,"3 Beds","House"
"13030 SE Rusk Rd, Portland, OR 97222","2026/06/02",1450,"2 Beds","House"
"14655 SW 76th Ave, Portland, OR 97224","2026/06/02",1800,"3 Beds","House"
"11240 SW Barbur Blvd, Portland, OR 97219","2026/06/02",1325,"1 Bed","House"
"11240 SW Barbur Blvd, Portland, OR 97219","2026/06/02",1249,"1 Bed","House"
"15535 SE Flavel Ct, Portland, OR 97236","2026/06/02",4000,"5 Beds","House"
"1635 NW 25th Ave, Portland, OR 97210","2026/06/02",1495,"1 Bed","House"
"4620 N Maryland Ave, Portland, OR 97217","2026/06/02",1395,"1 Bed","House"
"2901 SE Oaks Park Way, Portland, OR 97202","2026/06/02",3995,"2 Beds","House"
"11240 SW Barbur Blvd, Portland, OR 97219","2026/06/02",1340,"1 Bed","House"
"4620 N Maryland Ave, Portland, OR 97217","2026/06/02",1475,"1 Bed","House"
"4620 N Maryland Ave, Portland, OR 97217","2026/06/02",1345,"1 Bed","House"
"1900 S River Dr, Portland, OR 97201","2026/06/02",4250,"3 Beds","House"
"4905 SE Harney Dr, Portland, OR 97206","2026/06/02",2700,"3 Beds","House"
"8612 SW 20th Ave, Portland, OR 97219","2026/06/02",2945,"3 Beds","House"
"1910 NE Crane St, Portland, OR 97211","2026/06/02",3800,"3 Beds","House"
"11020 NE Glisan St, Portland, OR 97220","2026/06/02",3500,"3 Beds","House"
"3041 SE 20th Ave, Portland, OR 97202","2026/06/02",1349,"1 Bed","House"
"1436 NE 21st Ave, Portland, OR 97232","2026/06/02",1695,"1 Bed","House"
"1828 NE 1st Ave, Portland, OR 97212","2026/06/02",1362,"2 Beds","House"
"1755 NE Skidmore St, Portland, OR 97211","2026/06/02",1850,"1 Bed","House"
"7178 NW Elise Ave, Portland, OR 97229","2026/06/02",2375,"2 Beds","House"
"12720 SW Edgewood St, Portland, OR 97225","2026/06/02",2750,"4 Beds","House"
"110 S Curry St, Portland, OR 97239","2026/06/02",2300,"1 Bed","House"
"3055 SE 20th Ave, Portland, OR 97202","2026/06/02",1599,"1 Bed","House"
"3110 SW Dolph Ct, Portland, OR 97219","2026/06/02",2695,"2 Beds","House"
"2365 NW Marshall St, Portland, OR 97210","2026/06/02",995,"1 Bed","House"
"7427 SE 66th Ave, Portland, OR 97206","2026/06/02",1500,"2 Beds","House"
"6110 SE Gladstone St, Portland, OR 97206","2026/06/02",1250,"1 Bed","House"
"6110 SE Gladstone St, Portland, OR 97206","2026/06/02",1649,"1 Bed, 1 Bath, 578 sq ft","House"
"12085 SW 135th Ave, Portland, OR 97223","2026/06/02",1340,"2 Beds","House"
"3535 S Corbett Ave, Portland, OR 97239","2026/06/02",1349,"Studio","House"
"416 NW 13th Ave, Portland, OR 97209","2026/06/02",2350,"1 Bed","House"
"3027 SE 20th Ave, Portland, OR 97202","2026/06/02",1299,"1 Bed","Apartment"
"4412 NE Grand Ave, Portland, OR 97211","2026/06/02",3095,"3 Beds","Apartment"
"12085 SW 135th Ave, Portland, OR 97223","2026/06/02",1199,"2 Beds","Apartment"
"12085 SW 135th Ave, Portland, OR 97223","2026/06/02",1275,"2 Beds","Apartment"
"12085 SW 135th Ave, Portland, OR 97223","2026/06/02",1455,"2 Beds","Apartment"
"8678 N Willamette Blvd, Portland, OR 97203","2026/06/02",1850,"2 Beds","Apartment"
"4036 SE Monroe St, Milwaukie, OR 97222","2026/06/02",1350,"Studio","Apartment"
"12917 SE Ridgecrest Rd, Happy Valley, OR 97086","2026/06/02",2295,"2 Beds","Apartment"
"12927 SE Ridgecrest Rd, Happy Valley, OR 97086","2026/06/02",2395,"2 Beds","Apartment"
"12903 SE Ridgecrest Rd, Happy Valley, OR 97086","2026/06/02",2795,"2 Beds","Apartment"
"12907 SE Ridgecrest Rd, Happy Valley, OR 97086","2026/06/02",3395,"3 Beds","Apartment"
"15054 NW Central Dr Unit 808, Portland, OR 97229","2026/06/02",1500,"1 Bed","Apartment"
"1666 SE Umatilla St Unit 4, Portland, OR 97202","2026/06/02",1600,"2 Beds","Apartment"
"6049 NE Flanders St Unit 6053, Portland, OR 97213","2026/06/02",1500,"1 Bed","Apartment"
"9807 SW 60th Ave, Portland, OR 97219","2026/06/02",2500,"3 Beds, 1 Bath, 1,820 sq ft","Apartment"
"3405 NE 80th Ave, Portland, OR 97213","2026/06/02",1350,"1 Bed, 1 Bath, 360 sq ft","Apartment"
"3334 SW Luradel St, Portland, OR 97219","2026/06/02",1550,"1 Bed, 1 Bath, 575 sq ft","Apartment"
"327 Northwest Park Avenue Unit Apartment 3-D, Portland, OR 97209","2026/06/02",1650,"1 Bed, 1 Bath, 731 sq ft","Apartment"
"443 NE GRAHAM ST Unit B, PORTLAND, OR 97212","2026/06/02",1795,"1 Bed, 1 Bath, 625 sq ft","Apartment"
"465 NE Davis St, Portland, OR 97232","2026/06/02",2105,"Unit 308 at Skylar Grand","Apartment"
"2065 S River Pky, Portland, OR 97201","2026/06/02",1260,"Unit 435 at Waterleaf","Apartment"
"10451 E Burnside St, Portland, OR 97216","2026/06/02",1289,"Unit 225 at Traditions at Hazelwood","Apartment"
"1311 SW Gibbs St, Portland, OR 97239","2026/06/02",2145,"Unit 401 at The Woods on Marquam Hill","Apartment"
"9224 SE Ramona St, Portland, OR 97266","2026/06/02",1600,"Unit 205 at The Buckley at Lents","Apartment"
"2510 NE Sandy Blvd, Portland, OR 97232","2026/06/02",1999,"Unit 314 at Atomic Orchard Experiment","Apartment"
"7315-7325 SE Mitchell Ct, Portland, OR 97206","2026/06/02",1745,"Unit 4 at Woodstock Manor","Apartment"
"1447 NW 12th Ave, Portland, OR 97209","2026/06/02",1599,"Unit 206 at The Parker","Apartment"
"1717 SW Park Ave, Portland, OR 97201","2026/06/02",1196,"Unit 01-0404 at The Vue","Apartment"
"931 NW 11th Ave, Portland, OR 97209","2026/06/02",1442,"Unit 0511 at Kearney Plaza","Apartment"
"1976 NW Pettygrove St, Portland, OR 97209","2026/06/02",1380,"Unit 602 at 20 Pettygrove","Apartment"
"123 NW 12th Ave, Portland, OR 97209","2026/06/02",2229,"Unit 0332 at The Louisa Apartments","Apartment"
"1200 NW Marshall St, Portland, OR 97209","2026/06/02",1996,"Unit 0902 at Asa Flats and Lofts","Apartment"
"2220 NW Front Ave, Portland, OR 97209","2026/06/02",2019,"Unit 145 at Rivage","Apartment"
NA,NA,NA,NA,NA
NA,NA,NA,NA,NA
NA,NA,NA,NA,NA
NA,NA,NA,NA,NA
"411 Columbia St, Vancouver, WA 98660","2026/06/02",1621,"Unit 529 at Adera","Apartment"
